date,close,volume
2020-01-01,7200.17431640625,18565664997.0
2020-01-02,6985.47021484375,20802083465.0
2020-01-03,7344.88427734375,28111481032.0
2020-01-04,7410.65673828125,18444271275.0
2020-01-05,7411.3173828125,19725074095.0
2020-01-06,7769.21923828125,23276261598.0
2020-01-07,8163.6923828125,28767291327.0
2020-01-08,8079.86279296875,31672559265.0
2020-01-09,7879.0712890625,24045990466.0
2020-01-10,8166.55419921875,28714583844.0
2020-01-11,8037.53759765625,25521165085.0
2020-01-12,8192.494140625,22903438381.0
2020-01-13,8144.1943359375,22482910688.0
2020-01-14,8827.7646484375,44841784107.0
2020-01-15,8807.0107421875,40102834650.0
2020-01-16,8723.7861328125,31313981931.0
2020-01-17,8929.0380859375,36372139320.0
2020-01-18,8942.80859375,32337772627.0
2020-01-19,8706.2451171875,34217320471.0
2020-01-20,8657.642578125,26422375678.0
2020-01-21,8745.89453125,24097418512.0
2020-01-22,8680.8759765625,22600204051.0
2020-01-23,8406.515625,25770680779.0
2020-01-24,8445.4345703125,24397913026.0
2020-01-25,8367.84765625,19647331549.0
2020-01-26,8596.830078125,22177678796.0
2020-01-27,8909.8193359375,28647338393.0
2020-01-28,9358.58984375,34398744403.0
2020-01-29,9316.6298828125,30682598115.0
2020-01-30,9508.9931640625,32378792851.0
2020-01-31,9350.529296875,29432489719.0
2020-02-01,9392.875,25922656496.0
2020-02-02,9344.365234375,30835736946.0
2020-02-03,9293.521484375,30934096509.0
2020-02-04,9180.962890625,29893183716.0
2020-02-05,9613.423828125,35222060874.0
2020-02-06,9729.8017578125,37628823716.0
2020-02-07,9795.943359375,34522718159.0
2020-02-08,9865.119140625,35172043762.0
2020-02-09,10116.673828125,35807884663.0
2020-02-10,9856.611328125,39386548075.0
2020-02-11,10208.236328125,37648059389.0
2020-02-12,10326.0546875,43444303830.0
2020-02-13,10214.3798828125,49356071373.0
2020-02-14,10312.1162109375,43338264162.0
2020-02-15,9889.4248046875,43865054831.0
2020-02-16,9934.43359375,43374780305.0
2020-02-17,9690.142578125,45998298413.0
2020-02-18,10141.99609375,47271023953.0
2020-02-19,9633.38671875,46992019710.0
2020-02-20,9608.4755859375,44925260237.0
2020-02-21,9686.44140625,40930547513.0
2020-02-22,9663.181640625,35838025154.0
2020-02-23,9924.515625,41185185761.0
2020-02-24,9650.1748046875,45080496648.0
2020-02-25,9341.705078125,42515259129.0
2020-02-26,8820.5224609375,50420050762.0
2020-02-27,8784.494140625,45470195695.0
2020-02-28,8672.455078125,44605450443.0
2020-02-29,8599.5087890625,35792392544.0
2020-03-01,8562.4541015625,35349164300.0
2020-03-02,8869.669921875,42857674409.0
2020-03-03,8787.7861328125,42386715821.0
2020-03-04,8755.24609375,34746706368.0
2020-03-05,9078.7626953125,39698054597.0
2020-03-06,9122.5458984375,40826885651.0
2020-03-07,8909.9541015625,36216930370.0
2020-03-08,8108.1162109375,39973102121.0
2020-03-09,7923.64453125,46936995808.0
2020-03-10,7909.7294921875,42213940994.0
2020-03-11,7911.43017578125,38682762605.0
2020-03-12,4970.7880859375,53980357243.0
2020-03-13,5563.70703125,74156772075.0
2020-03-14,5200.3662109375,36154506008.0
2020-03-15,5392.31494140625,33997889639.0
2020-03-16,5014.47998046875,45368026430.0
2020-03-17,5225.62939453125,38622642935.0
2020-03-18,5238.4384765625,37878801016.0
2020-03-19,6191.19287109375,51000731797.0
2020-03-20,6198.7783203125,54442976103.0
2020-03-21,6185.06640625,42494390880.0
2020-03-22,5830.2548828125,40099664740.0
2020-03-23,6416.31494140625,46491916000.0
2020-03-24,6734.8037109375,48221910672.0
2020-03-25,6681.06298828125,44590107888.0
2020-03-26,6716.4404296875,35319797642.0
2020-03-27,6469.79833984375,34585598367.0
2020-03-28,6242.19384765625,34885225901.0
2020-03-29,5922.04296875,28373690931.0
2020-03-30,6429.841796875,37101651525.0
2020-03-31,6438.64453125,32786468812.0
2020-04-01,6606.7763671875,40346426266.0
2020-04-02,6793.62451171875,47660646124.0
2020-04-03,6733.38720703125,38976504903.0
2020-04-04,6867.52734375,33185988584.0
2020-04-05,6791.12939453125,29510409856.0
2020-04-06,7271.78125,46896904615.0
2020-04-07,7176.41455078125,44243482668.0
2020-04-08,7334.0986328125,37563249549.0
2020-04-09,7302.08935546875,34815139178.0
2020-04-10,6865.4931640625,43622840992.0
2020-04-11,6859.0830078125,31222085946.0
2020-04-12,6971.091796875,35759567632.0
2020-04-13,6845.03759765625,38619308647.0
2020-04-14,6842.427734375,34110434052.0
2020-04-15,6642.10986328125,32288311031.0
2020-04-16,7116.80419921875,46783242377.0
2020-04-17,7096.1845703125,32513423567.0
2020-04-18,7257.6650390625,32447188386.0
2020-04-19,7189.4248046875,31311210215.0
2020-04-20,6881.95849609375,37747113936.0
2020-04-21,6880.3232421875,32589741511.0
2020-04-22,7117.20751953125,33249153866.0
2020-04-23,7429.724609375,43500782316.0
2020-04-24,7550.90087890625,34636526286.0
2020-04-25,7569.93603515625,32941541447.0
2020-04-26,7679.8671875,33070154491.0
2020-04-27,7795.60107421875,36162144725.0
2020-04-28,7807.05859375,33187959921.0
2020-04-29,8801.0380859375,60201052203.0
2020-04-30,8658.5537109375,66964629541.0
2020-05-01,8864.7666015625,44068389997.0
2020-05-02,8988.5966796875,40134388683.0
2020-05-03,8897.46875,47101785174.0
2020-05-04,8912.654296875,45718796276.0
2020-05-05,9003.0703125,43148462663.0
2020-05-06,9268.76171875,49371886931.0
2020-05-07,9951.5185546875,61112700562.0
2020-05-08,9842.666015625,51780748042.0
2020-05-09,9593.896484375,46566121841.0
2020-05-10,8756.4306640625,63325279337.0
2020-05-11,8601.7958984375,57119858802.0
2020-05-12,8804.4775390625,42142717533.0
2020-05-13,9269.9873046875,45558144023.0
2020-05-14,9733.7216796875,56426907637.0
2020-05-15,9328.197265625,48158802327.0
2020-05-16,9377.013671875,36164766408.0
2020-05-17,9670.7392578125,40084250663.0
2020-05-18,9726.5751953125,41827139896.0
2020-05-19,9729.0380859375,39254288955.0
2020-05-20,9522.9814453125,36546239703.0
2020-05-21,9081.76171875,39326160532.0
2020-05-22,9182.5771484375,29810773699.0
2020-05-23,9209.287109375,27727866812.0
2020-05-24,8790.3681640625,32518803300.0
2020-05-25,8906.9345703125,31288157264.0
2020-05-26,8835.052734375,29584186947.0
2020-05-27,9181.017578125,32740536902.0
2020-05-28,9525.7509765625,34367073114.0
2020-05-29,9439.1240234375,32896642044.0
2020-05-30,9700.4140625,32722975141.0
2020-05-31,9461.05859375,27773290299.0
2020-06-01,10167.2685546875,35198901068.0
2020-06-02,9529.8037109375,39137252109.0
2020-06-03,9656.7177734375,25007459262.0
2020-06-04,9800.63671875,25921805072.0
2020-06-05,9665.533203125,23509628646.0
2020-06-06,9653.6796875,20438419222.0
2020-06-07,9758.8525390625,25015250846.0
2020-06-08,9771.4892578125,21486346312.0
2020-06-09,9795.7001953125,23717842783.0
2020-06-10,9870.0947265625,25706567601.0
2020-06-11,9321.78125,30247143440.0
2020-06-12,9480.84375,22610564515.0
2020-06-13,9475.27734375,17564322315.0
2020-06-14,9386.7880859375,18991732746.0
2020-06-15,9450.7021484375,26699704768.0
2020-06-16,9538.0244140625,21565537209.0
2020-06-17,9480.2548828125,20177709879.0
2020-06-18,9411.8408203125,17770083003.0
2020-06-19,9288.0185546875,19632223107.0
2020-06-20,9332.3408203125,17130541557.0
2020-06-21,9303.6298828125,15324301169.0
2020-06-22,9648.7177734375,21104009514.0
2020-06-23,9629.658203125,17006433272.0
2020-06-24,9313.6103515625,18961716076.0
2020-06-25,9264.8134765625,18616048626.0
2020-06-26,9162.91796875,18341465837.0
2020-06-27,9045.390625,17273093144.0
2020-06-28,9143.58203125,14560870760.0
2020-06-29,9190.8544921875,16460547078.0
2020-06-30,9137.9931640625,15735797744.0
2020-07-01,9228.3251953125,15971550355.0
2020-07-02,9123.41015625,16338916796.0
2020-07-03,9087.3037109375,13078970999.0
2020-07-04,9132.48828125,12290528515.0
2020-07-05,9073.9423828125,12903406143.0
2020-07-06,9375.474609375,17889263252.0
2020-07-07,9252.27734375,13839652595.0
2020-07-08,9428.3330078125,19702359883.0
2020-07-09,9277.9677734375,18000702524.0
2020-07-10,9278.8076171875,16860035605.0
2020-07-11,9240.3466796875,13249910444.0
2020-07-12,9276.5,14452361907.0
2020-07-13,9243.6142578125,17519821266.0
2020-07-14,9243.2138671875,18085038362.0
2020-07-15,9192.8369140625,15844731575.0
2020-07-16,9132.2275390625,15713967523.0
2020-07-17,9151.392578125,13944570749.0
2020-07-18,9159.0400390625,12252601475.0
2020-07-19,9185.8173828125,12939002784.0
2020-07-20,9164.2314453125,13755604146.0
2020-07-21,9374.8876953125,18069581956.0
2020-07-22,9525.36328125,16532254884.0
2020-07-23,9581.072265625,18146399002.0
2020-07-24,9536.892578125,16552768325.0
2020-07-25,9677.11328125,16610070933.0
2020-07-26,9905.1669921875,20507998997.0
2020-07-27,10990.873046875,35359749590.0
2020-07-28,10912.8232421875,28766551142.0
2020-07-29,11100.4677734375,24617249715.0
2020-07-30,11111.2138671875,22857247901.0
2020-07-31,11323.466796875,23160469766.0
2020-08-01,11759.5927734375,26075670303.0
2020-08-02,11053.6142578125,27410067336.0
2020-08-03,11246.3486328125,20271713443.0
2020-08-04,11205.892578125,21250197042.0
2020-08-05,11747.0224609375,24411254471.0
2020-08-06,11779.7734375,23400740340.0
2020-08-07,11601.47265625,23132312867.0
2020-08-08,11754.0458984375,17572057837.0
2020-08-09,11675.7392578125,17489608833.0
2020-08-10,11878.111328125,26114112569.0
2020-08-11,11410.525390625,27039782640.0
2020-08-12,11584.9345703125,25064548486.0
2020-08-13,11784.1376953125,27522199497.0
2020-08-14,11768.87109375,24237958589.0
2020-08-15,11865.6982421875,23354924400.0
2020-08-16,11892.8037109375,20583375490.0
2020-08-17,12254.40234375,28227687027.0
2020-08-18,11991.2333984375,26043227672.0
2020-08-19,11758.283203125,24502851117.0
2020-08-20,11878.3720703125,20175242945.0
2020-08-21,11592.4892578125,23762425999.0
2020-08-22,11681.8251953125,20224191306.0
2020-08-23,11664.84765625,18482062658.0
2020-08-24,11774.595703125,20681511755.0
2020-08-25,11366.134765625,26301509932.0
2020-08-26,11488.36328125,22466660958.0
2020-08-27,11323.3974609375,23240415076.0
2020-08-28,11542.5,19807127588.0
2020-08-29,11506.865234375,17485597759.0
2020-08-30,11711.505859375,19760127945.0
2020-08-31,11680.8203125,22285928250.0
2020-09-01,11970.478515625,27311555343.0
2020-09-02,11414.0341796875,28037405299.0
2020-09-03,10245.296875,31927261555.0
2020-09-04,10511.8134765625,29965130374.0
2020-09-05,10169.5673828125,44916565292.0
2020-09-06,10280.3515625,37071460174.0
2020-09-07,10369.5634765625,33703098409.0
2020-09-08,10131.5166015625,33430927462.0
2020-09-09,10242.34765625,24128292755.0
2020-09-10,10363.138671875,54406443211.0
2020-09-11,10400.9150390625,45201121775.0
2020-09-12,10442.1708984375,36750077324.0
2020-09-13,10323.755859375,36506852789.0
2020-09-14,10680.837890625,35453581940.0
2020-09-15,10796.951171875,32509451925.0
2020-09-16,10974.9052734375,30769986455.0
2020-09-17,10948.990234375,38151810523.0
2020-09-18,10944.5859375,26341903912.0
2020-09-19,11094.3466796875,22764204008.0
2020-09-20,10938.271484375,24699523788.0
2020-09-21,10462.259765625,28884999244.0
2020-09-22,10538.4599609375,23621787804.0
2020-09-23,10246.1865234375,23788661867.0
2020-09-24,10760.06640625,47144380902.0
2020-09-25,10692.716796875,39348590957.0
2020-09-26,10750.7236328125,46852525493.0
2020-09-27,10775.26953125,53745972818.0
2020-09-28,10709.65234375,47762394731.0
2020-09-29,10844.640625,46582396602.0
2020-09-30,10784.4912109375,44171073700.0
2020-10-01,10619.4521484375,40023134100.0
2020-10-02,10575.974609375,48661453918.0
2020-10-03,10549.3291015625,44660271563.0
2020-10-04,10669.5830078125,71251776995.0
2020-10-05,10793.33984375,47537578009.0
2020-10-06,10604.40625,42623695307.0
2020-10-07,10668.96875,37799458436.0
2020-10-08,10915.685546875,63314794397.0
2020-10-09,11064.4580078125,22799117613.0
2020-10-10,11296.361328125,22877978588.0
2020-10-11,11384.181640625,19968627060.0
2020-10-12,11555.36328125,26163972642.0
2020-10-13,11425.8994140625,24241420251.0
2020-10-14,11429.5068359375,24103426719.0
2020-10-15,11495.349609375,24487233058.0
2020-10-16,11322.123046875,25635480772.0
2020-10-17,11358.1015625,19130430174.0
2020-10-18,11483.359375,18283314340.0
2020-10-19,11742.037109375,23860769928.0
2020-10-20,11916.3349609375,30915821592.0
2020-10-21,12823.689453125,43414712626.0
2020-10-22,12965.8916015625,34729759598.0
2020-10-23,12931.5390625,28974975003.0
2020-10-24,13108.0625,24542317940.0
2020-10-25,13031.173828125,24406920575.0
2020-10-26,13075.248046875,29461458313.0
2020-10-27,13654.21875,33749878156.0
2020-10-28,13271.28515625,35867318895.0
2020-10-29,13437.8828125,56499499598.0
2020-10-30,13546.5224609375,30581485201.0
2020-10-31,13780.9951171875,30306464719.0
2020-11-01,13737.109375,24453857900.0
2020-11-02,13550.4892578125,30771455468.0
2020-11-03,13950.30078125,29869951617.0
2020-11-04,14133.70703125,35116364962.0
2020-11-05,15579.8486328125,40856321439.0
2020-11-06,15565.880859375,39837841971.0
2020-11-07,14833.75390625,35024953706.0
2020-11-08,15479.5673828125,26632075029.0
2020-11-09,15332.3154296875,34149115566.0
2020-11-10,15290.90234375,25574938143.0
2020-11-11,15701.33984375,29772374934.0
2020-11-12,16276.34375,34175758344.0
2020-11-13,16317.80859375,31599492172.0
2020-11-14,16068.138671875,27481710135.0
2020-11-15,15955.587890625,23653867583.0
2020-11-16,16716.111328125,31526766675.0
2020-11-17,17645.40625,39006849170.0
2020-11-18,17804.005859375,49064800278.0
2020-11-19,17817.08984375,36985055355.0
2020-11-20,18621.314453125,36992873940.0
2020-11-21,18642.232421875,39650210707.0
2020-11-22,18370.001953125,41280434226.0
2020-11-23,18364.12109375,42741112308.0
2020-11-24,19107.46484375,51469565009.0
2020-11-25,18732.12109375,43710357371.0
2020-11-26,17150.623046875,61396835737.0
2020-11-27,17108.40234375,38886494645.0
2020-11-28,17717.4140625,32601040734.0
2020-11-29,18177.484375,31133957704.0
2020-11-30,19625.8359375,47728480399.0
2020-12-01,18802.998046875,49633658712.0
2020-12-02,19201.091796875,37387697139.0
2020-12-03,19445.3984375,31930317405.0
2020-12-04,18699.765625,33872388058.0
2020-12-05,19154.23046875,27242455064.0
2020-12-06,19345.12109375,25293775714.0
2020-12-07,19191.630859375,26896357742.0
2020-12-08,18321.14453125,31692288756.0
2020-12-09,18553.916015625,34420373071.0
2020-12-10,18264.9921875,25547132265.0
2020-12-11,18058.904296875,27919640985.0
2020-12-12,18803.65625,21752580802.0
2020-12-13,19142.3828125,25450468637.0
2020-12-14,19246.64453125,22473997681.0
2020-12-15,19417.076171875,26741982541.0
2020-12-16,21310.59765625,44409011479.0
2020-12-17,22805.162109375,71378606374.0
2020-12-18,23137.9609375,40387896275.0
2020-12-19,23869.83203125,38487546580.0
2020-12-20,23477.294921875,37844228422.0
2020-12-21,22803.08203125,45852713981.0
2020-12-22,23783.029296875,44171632681.0
2020-12-23,23241.345703125,51146161904.0
2020-12-24,23735.94921875,41080759713.0
2020-12-25,24664.791015625,42068395846.0
2020-12-26,26437.037109375,48332647295.0
2020-12-27,26272.294921875,66479895605.0
2020-12-28,27084.80859375,49056742893.0
2020-12-29,27362.4375,45265946774.0
2020-12-30,28840.953125,51287442704.0
2020-12-31,29001.720703125,46754964848.0
2021-01-01,29374.15234375,40730301359.0
2021-01-02,32127.267578125,67865420765.0
2021-01-03,32782.0234375,78665235202.0
2021-01-04,31971.9140625,81163475344.0
2021-01-05,33992.4296875,67547324782.0
2021-01-06,36824.36328125,75289433811.0
2021-01-07,39371.04296875,84762141031.0
2021-01-08,40797.609375,88107519480.0
2021-01-09,40254.546875,61984162837.0
2021-01-10,38356.44140625,79980747690.0
2021-01-11,35566.65625,123320567399.0
2021-01-12,33922.9609375,74773277909.0
2021-01-13,37316.359375,69364315979.0
2021-01-14,39187.328125,63615990033.0
2021-01-15,36825.3671875,67760757881.0
2021-01-16,36178.140625,57706187875.0
2021-01-17,35791.27734375,52359854336.0
2021-01-18,36630.07421875,49511702429.0
2021-01-19,36069.8046875,57244195486.0
2021-01-20,35547.75,66834573161.0
2021-01-21,30825.69921875,75643067688.0
2021-01-22,33005.76171875,77207272511.0
2021-01-23,32067.642578125,48354737975.0
2021-01-24,32289.37890625,48643830599.0
2021-01-25,32366.392578125,59897054838.0
2021-01-26,32569.849609375,60255421470.0
2021-01-27,30432.546875,62576762015.0
2021-01-28,33466.09765625,76517157706.0
2021-01-29,34316.38671875,117894572511.0
2021-01-30,34269.5234375,65141828798.0
2021-01-31,33114.359375,52754542671.0
2021-02-01,33537.17578125,61400400660.0
2021-02-02,35510.2890625,63088585433.0
2021-02-03,37472.08984375,61166818159.0
2021-02-04,36926.06640625,68838074392.0
2021-02-05,38144.30859375,58598066402.0
2021-02-06,39266.01171875,71326033653.0
2021-02-07,38903.44140625,65500641143.0
2021-02-08,46196.46484375,101467222687.0
2021-02-09,46481.10546875,91809846886.0
2021-02-10,44918.18359375,87301089896.0
2021-02-11,47909.33203125,81388911810.0
2021-02-12,47504.8515625,76555041196.0
2021-02-13,47105.515625,70250456155.0
2021-02-14,48717.2890625,71248675228.0
2021-02-15,47945.05859375,77069903166.0
2021-02-16,49199.87109375,77049582886.0
2021-02-17,52149.0078125,80820545404.0
2021-02-18,51679.796875,52054723579.0
2021-02-19,55888.1328125,63495496918.0
2021-02-20,56099.51953125,68145460026.0
2021-02-21,57539.9453125,51897585191.0
2021-02-22,54207.3203125,92052420332.0
2021-02-23,48824.42578125,106102492824.0
2021-02-24,49705.33203125,63695521388.0
2021-02-25,47093.8515625,54506565949.0
2021-02-26,46339.76171875,350967941479.0
2021-02-27,46188.453125,45910946382.0
2021-02-28,45137.76953125,53443887451.0
2021-03-01,49631.2421875,53891300112.0
2021-03-02,48378.98828125,47530897720.0
2021-03-03,50538.2421875,53220811975.0
2021-03-04,48561.16796875,52343816680.0
2021-03-05,48927.3046875,48625928883.0
2021-03-06,48912.3828125,34363564661.0
2021-03-07,51206.69140625,43137459378.0
2021-03-08,52246.5234375,48597428048.0
2021-03-09,54824.1171875,50912227385.0
2021-03-10,56008.55078125,57295577614.0
2021-03-11,57805.12109375,56772343595.0
2021-03-12,57332.08984375,55689944702.0
2021-03-13,61243.0859375,60669829814.0
2021-03-14,59302.31640625,43901225564.0
2021-03-15,55907.19921875,66419369890.0
2021-03-16,56804.90234375,59749798599.0
2021-03-17,58870.89453125,60258313191.0
2021-03-18,57858.921875,55746041000.0
2021-03-19,58346.65234375,49063873786.0
2021-03-20,58313.64453125,50361731222.0
2021-03-21,57523.421875,51943414539.0
2021-03-22,54529.14453125,56521454974.0
2021-03-23,54738.9453125,56435023914.0
2021-03-24,52774.265625,70567223787.0
2021-03-25,51704.16015625,67999812841.0
2021-03-26,55137.3125,56652197978.0
2021-03-27,55973.51171875,47266542233.0
2021-03-28,55950.74609375,47686580918.0
2021-03-29,57750.19921875,57625587027.0
2021-03-30,58917.69140625,54414116432.0
2021-03-31,58918.83203125,65520826225.0
2021-04-01,59095.80859375,61669163792.0
2021-04-02,59384.3125,58727860620.0
2021-04-03,57603.890625,59641344484.0
2021-04-04,58758.5546875,50749662970.0
2021-04-05,59057.87890625,60706272115.0
2021-04-06,58192.359375,66058027988.0
2021-04-07,56048.9375,75645303584.0
2021-04-08,58323.953125,53053855641.0
2021-04-09,58245.00390625,46655208546.0
2021-04-10,59793.234375,58238470525.0
2021-04-11,60204.96484375,46280252580.0
2021-04-12,59893.453125,51828688519.0
2021-04-13,63503.45703125,69983454362.0
2021-04-14,63109.6953125,77451779687.0
2021-04-15,63314.01171875,60954381579.0
2021-04-16,61572.7890625,84293007468.0
2021-04-17,60683.8203125,66138759198.0
2021-04-18,56216.18359375,97468872758.0
2021-04-19,55724.265625,65344865159.0
2021-04-20,56473.03125,67849323955.0
2021-04-21,53906.08984375,54926612466.0
2021-04-22,51762.2734375,74798630778.0
2021-04-23,51093.65234375,86668667320.0
2021-04-24,50050.8671875,49014494781.0
2021-04-25,49004.25390625,46117114240.0
2021-04-26,54021.75390625,58284039825.0
2021-04-27,55033.1171875,49448222757.0
2021-04-28,54824.703125,48000572955.0
2021-04-29,53555.109375,46088929780.0
2021-04-30,57750.17578125,52395931985.0
2021-05-01,57828.05078125,42836427360.0
2021-05-02,56631.078125,38177405335.0
2021-05-03,57200.29296875,51713139031.0
2021-05-04,53333.5390625,68564706967.0
2021-05-05,57424.0078125,69241316747.0
2021-05-06,56396.515625,69523285106.0
2021-05-07,57356.40234375,68434023376.0
2021-05-08,58803.77734375,65382980634.0
2021-05-09,58232.31640625,65906690347.0
2021-05-10,55859.796875,71776546298.0
2021-05-11,56704.57421875,61308396325.0
2021-05-12,49150.53515625,75215403907.0
2021-05-13,49716.19140625,96721152926.0
2021-05-14,49880.53515625,55737497453.0
2021-05-15,46760.1875,59161047474.0
2021-05-16,46456.05859375,64047871555.0
2021-05-17,43537.51171875,74903638450.0
2021-05-18,42909.40234375,56187365084.0
2021-05-19,37002.44140625,126358098747.0
2021-05-20,40782.73828125,88281943359.0
2021-05-21,37304.69140625,82051616861.0
2021-05-22,37536.6328125,57377273240.0
2021-05-23,34770.58203125,78469274361.0
2021-05-24,38705.98046875,67359584098.0
2021-05-25,38402.22265625,56211915803.0
2021-05-26,39294.19921875,51346735160.0
2021-05-27,38436.96875,43210968721.0
2021-05-28,35697.60546875,55200191952.0
2021-05-29,34616.06640625,45231013335.0
2021-05-30,35678.12890625,31646080921.0
2021-05-31,37332.85546875,39009847639.0
2021-06-01,36684.92578125,34639423297.0
2021-06-02,37575.1796875,33070867190.0
2021-06-03,39208.765625,35460750427.0
2021-06-04,36894.40625,41831090187.0
2021-06-05,35551.95703125,35959473399.0
2021-06-06,35862.37890625,28913440585.0
2021-06-07,33560.70703125,33683936663.0
2021-06-08,33472.6328125,49902050442.0
2021-06-09,37345.12109375,53972919008.0
2021-06-10,36702.59765625,43576032854.0
2021-06-11,37334.3984375,38699736985.0
2021-06-12,35552.515625,37924228550.0
2021-06-13,39097.859375,40669112838.0
2021-06-14,40218.4765625,43148914673.0
2021-06-15,40406.26953125,46420149185.0
2021-06-16,38347.0625,39211635100.0
2021-06-17,38053.50390625,37096670047.0
2021-06-18,35787.24609375,36200887275.0
2021-06-19,35615.87109375,31207279719.0
2021-06-20,35698.296875,36664034054.0
2021-06-21,31676.693359375,52809038594.0
2021-06-22,32505.66015625,58964353058.0
2021-06-23,33723.02734375,46317108925.0
2021-06-24,34662.4375,33123368116.0
2021-06-25,31637.779296875,40230904226.0
2021-06-26,32186.27734375,38585385521.0
2021-06-27,34649.64453125,35511640894.0
2021-06-28,34434.3359375,33892523752.0
2021-06-29,35867.77734375,37901460044.0
2021-06-30,35040.8359375,34059036099.0
2021-07-01,33572.1171875,37838957079.0
2021-07-02,33897.046875,38728974942.0
2021-07-03,34668.546875,24383958643.0
2021-07-04,35287.78125,24924307911.0
2021-07-05,33746.00390625,26721554282.0
2021-07-06,34235.1953125,26501259870.0
2021-07-07,33855.328125,24796027477.0
2021-07-08,32877.37109375,29910396946.0
2021-07-09,33798.01171875,27436021028.0
2021-07-10,33520.51953125,22971873468.0
2021-07-11,34240.1875,20108729370.0
2021-07-12,33155.84765625,24321499537.0
2021-07-13,32702.025390625,19120856669.0
2021-07-14,32822.34765625,21376531210.0
2021-07-15,31780.73046875,21300524237.0
2021-07-16,31421.5390625,23699476918.0
2021-07-17,31533.068359375,18895018942.0
2021-07-18,31796.810546875,18787986667.0
2021-07-19,30817.83203125,20434789545.0
2021-07-20,29807.34765625,23148267245.0
2021-07-21,32110.693359375,28203024559.0
2021-07-22,32313.10546875,19555230518.0
2021-07-23,33581.55078125,22552046192.0
2021-07-24,34292.4453125,21664706865.0
2021-07-25,35350.1875,20856685287.0
2021-07-26,37337.53515625,51022126212.0
2021-07-27,39406.94140625,35097370560.0
2021-07-28,39995.90625,38702404695.0
2021-07-29,40008.421875,27167146027.0
2021-07-30,42235.546875,33072782960.0
2021-07-31,41626.1953125,25802845343.0
2021-08-01,39974.89453125,26688438115.0
2021-08-02,39201.9453125,25595265436.0
2021-08-03,38152.98046875,26189830450.0
2021-08-04,39747.50390625,25372562724.0
2021-08-05,40869.5546875,35185031017.0
2021-08-06,42816.5,38226483046.0
2021-08-07,44555.80078125,40030862141.0
2021-08-08,43798.1171875,36302664750.0
2021-08-09,46365.40234375,38734079049.0
2021-08-10,45585.03125,33546019517.0
2021-08-11,45593.63671875,34319709073.0
2021-08-12,44428.2890625,33723620826.0
2021-08-13,47793.3203125,31744259539.0
2021-08-14,47096.9453125,31211354442.0
2021-08-15,47047.00390625,30988958446.0
2021-08-16,46004.484375,32776876610.0
2021-08-17,44695.359375,33451362600.0
2021-08-18,44801.1875,32194123075.0
2021-08-19,46717.578125,37204312299.0
2021-08-20,49339.17578125,34706867452.0
2021-08-21,48905.4921875,40585205312.0
2021-08-22,49321.65234375,25370975378.0
2021-08-23,49546.1484375,34305053719.0
2021-08-24,47706.1171875,35361168834.0
2021-08-25,48960.7890625,32646349931.0
2021-08-26,46942.21875,32666549568.0
2021-08-27,49058.66796875,34511076995.0
2021-08-28,48902.40234375,28568103401.0
2021-08-29,48829.83203125,25889650240.0
2021-08-30,47054.984375,31847007016.0
2021-08-31,47166.6875,34730363427.0
2021-09-01,48847.02734375,39139399125.0
2021-09-02,49327.72265625,39508070319.0
2021-09-03,50025.375,43206179619.0
2021-09-04,49944.625,37471327794.0
2021-09-05,51753.41015625,30322676319.0
2021-09-06,52633.53515625,38884105426.0
2021-09-07,46811.12890625,65210059683.0
2021-09-08,46091.390625,49007762488.0
2021-09-09,46391.421875,38672657013.0
2021-09-10,44883.91015625,39154666597.0
2021-09-11,45201.45703125,34499835245.0
2021-09-12,46063.26953125,27881980161.0
2021-09-13,44963.07421875,40969943253.0
2021-09-14,47092.4921875,38652152880.0
2021-09-15,48176.34765625,30484496466.0
2021-09-16,47783.359375,31764293754.0
2021-09-17,47267.51953125,28727713711.0
2021-09-18,48278.36328125,28575630451.0
2021-09-19,47260.21875,26967722648.0
2021-09-20,42843.80078125,43909845642.0
2021-09-21,40693.67578125,48701090088.0
2021-09-22,43574.5078125,38139709246.0
2021-09-23,44895.09765625,34244064430.0
2021-09-24,42839.75,42839345714.0
2021-09-25,42716.59375,31604717236.0
2021-09-26,43208.5390625,30661222077.0
2021-09-27,42235.73046875,30980029059.0
2021-09-28,41034.54296875,30214940550.0
2021-09-29,41564.36328125,30602359905.0
2021-09-30,43790.89453125,31141681925.0
2021-10-01,48116.94140625,42850641582.0
2021-10-02,47711.48828125,30614346492.0
2021-10-03,48199.953125,26638115879.0
2021-10-04,49112.90234375,33383173002.0
2021-10-05,51514.8125,35873904236.0
2021-10-06,55361.44921875,49034730168.0
2021-10-07,53805.984375,36807860413.0
2021-10-08,53967.84765625,34800873924.0
2021-10-09,54968.22265625,32491211414.0
2021-10-10,54771.578125,39527792364.0
2021-10-11,57484.7890625,42637331698.0
2021-10-12,56041.05859375,41083758949.0
2021-10-13,57401.09765625,41684252783.0
2021-10-14,57321.5234375,36615791366.0
2021-10-15,61593.94921875,51780081801.0
2021-10-16,60892.1796875,34250964237.0
2021-10-17,61553.6171875,29032367511.0
2021-10-18,62026.078125,38055562075.0
2021-10-19,64261.9921875,40471196346.0
2021-10-20,65992.8359375,40788955582.0
2021-10-21,62210.171875,45908121370.0
2021-10-22,60692.265625,38434082775.0
2021-10-23,61393.6171875,26882546034.0
2021-10-24,60930.8359375,27316183882.0
2021-10-25,63039.82421875,31064911614.0
2021-10-26,60363.79296875,34878965587.0
2021-10-27,58482.38671875,43657076893.0
2021-10-28,60622.13671875,45257083247.0
2021-10-29,62227.96484375,36856881767.0
2021-10-30,61888.83203125,32157938616.0
2021-10-31,61318.95703125,32241199927.0
2021-11-01,61004.40625,36150572843.0
2021-11-02,63226.40234375,37746665647.0
2021-11-03,62970.046875,36124731509.0
2021-11-04,61452.23046875,32615846901.0
2021-11-05,61125.67578125,30605102446.0
2021-11-06,61527.48046875,29094934221.0
2021-11-07,63326.98828125,24726754302.0
2021-11-08,67566.828125,41125608330.0
2021-11-09,66971.828125,42357991721.0
2021-11-10,64995.23046875,48730828378.0
2021-11-11,64949.9609375,35880633236.0
2021-11-12,64155.94140625,36084893887.0
2021-11-13,64469.52734375,30474228777.0
2021-11-14,65466.83984375,25122092191.0
2021-11-15,63557.87109375,30558763548.0
2021-11-16,60161.24609375,46844335592.0
2021-11-17,60368.01171875,39178392930.0
2021-11-18,56942.13671875,41388338699.0
2021-11-19,58119.578125,38702407772.0
2021-11-20,59697.1953125,30624264863.0
2021-11-21,58730.4765625,26123447605.0
2021-11-22,56289.2890625,35036121783.0
2021-11-23,57569.07421875,37485803899.0
2021-11-24,56280.42578125,36635566789.0
2021-11-25,57274.6796875,34284016248.0
2021-11-26,53569.765625,41810748221.0
2021-11-27,54815.078125,30560857714.0
2021-11-28,57248.45703125,28116886357.0
2021-11-29,57806.56640625,32370840356.0
2021-11-30,57005.42578125,36708594618.0
2021-12-01,57229.828125,36858195307.0
2021-12-02,56477.81640625,32379968686.0
2021-12-03,53598.24609375,39789134215.0
2021-12-04,49200.703125,61385677469.0
2021-12-05,49368.84765625,37198201161.0
2021-12-06,50582.625,37707308001.0
2021-12-07,50700.0859375,33676814852.0
2021-12-08,50504.796875,28479699446.0
2021-12-09,47672.12109375,29603577251.0
2021-12-10,47243.3046875,30966005122.0
2021-12-11,49362.5078125,25775869261.0
2021-12-12,50098.3359375,21939223599.0
2021-12-13,46737.48046875,32166727776.0
2021-12-14,46612.6328125,34638619079.0
2021-12-15,48896.72265625,36541828520.0
2021-12-16,47665.42578125,27268150947.0
2021-12-17,46202.14453125,32902725329.0
2021-12-18,46848.77734375,26098292690.0
2021-12-19,46707.015625,25154053861.0
2021-12-20,46880.27734375,30961902129.0
2021-12-21,48936.61328125,27055803928.0
2021-12-22,48628.51171875,24447979559.0
2021-12-23,50784.5390625,28223878108.0
2021-12-24,50822.1953125,24367912228.0
2021-12-25,50429.859375,19030650914.0
2021-12-26,50809.515625,20964372926.0
2021-12-27,50640.41796875,24324345758.0
2021-12-28,47588.85546875,33430376883.0
2021-12-29,46444.7109375,30049226299.0
2021-12-30,47178.125,26686491018.0
2021-12-31,46306.4453125,36974172400.0
2022-01-01,47686.8125,24582667004.0
2022-01-02,47345.21875,27951569547.0
2022-01-03,46458.1171875,33071628362.0
2022-01-04,45897.57421875,42494677905.0
2022-01-05,43569.00390625,36851084859.0
2022-01-06,43160.9296875,30208048289.0
2022-01-07,41557.90234375,84196607520.0
2022-01-08,41733.94140625,28066355845.0
2022-01-09,41911.6015625,21294384372.0
2022-01-10,41821.26171875,32104232331.0
2022-01-11,42735.85546875,26327648900.0
2022-01-12,43949.1015625,33499938689.0
2022-01-13,42591.5703125,47691135082.0
2022-01-14,43099.69921875,23577403399.0
2022-01-15,43177.3984375,18371348298.0
2022-01-16,43113.87890625,17902097845.0
2022-01-17,42250.55078125,21690904261.0
2022-01-18,42375.6328125,22417209227.0
2022-01-19,41744.328125,23091543258.0
2022-01-20,40680.41796875,20382033940.0
2022-01-21,36457.31640625,43011992031.0
2022-01-22,35030.25,39714385405.0
2022-01-23,36276.8046875,26017975951.0
2022-01-24,36654.328125,41856658597.0
2022-01-25,36954.00390625,26428189594.0
2022-01-26,36852.12109375,31324598034.0
2022-01-27,37138.234375,25041426629.0
2022-01-28,37784.33203125,22238830523.0
2022-01-29,38138.1796875,17194183075.0
2022-01-30,37917.6015625,14643548444.0
2022-01-31,38483.125,20734730465.0
2022-02-01,38743.2734375,20288500328.0
2022-02-02,36952.984375,19155189416.0
2022-02-03,37154.6015625,18591534769.0
2022-02-04,41500.875,29412210792.0
2022-02-05,41441.1640625,19652846215.0
2022-02-06,42412.43359375,16142097334.0
2022-02-07,43840.28515625,28641855926.0
2022-02-08,44118.4453125,33079398868.0
2022-02-09,44338.796875,23245887300.0
2022-02-10,43565.11328125,32142048537.0
2022-02-11,42407.9375,26954925781.0
2022-02-12,42244.46875,18152390304.0
2022-02-13,42197.515625,14741589015.0
2022-02-14,42586.91796875,20827783012.0
2022-02-15,44575.203125,22721659051.0
2022-02-16,43961.859375,19792547657.0
2022-02-17,40538.01171875,26246662813.0
2022-02-18,40030.9765625,23310007704.0
2022-02-19,40122.15625,13736557863.0
2022-02-20,38431.37890625,18340576452.0
2022-02-21,37075.28125,29280402798.0
2022-02-22,38286.02734375,25493150450.0
2022-02-23,37296.5703125,21849073843.0
2022-02-24,38332.609375,46383802093.0
2022-02-25,39214.21875,26545599159.0
2022-02-26,39105.1484375,17467554129.0
2022-02-27,37709.78515625,23450127612.0
2022-02-28,43193.234375,35690014104.0
2022-03-01,44354.63671875,32479047645.0
2022-03-02,43924.1171875,29183112630.0
2022-03-03,42451.7890625,24967782593.0
2022-03-04,39137.60546875,28516271427.0
2022-03-05,39400.5859375,16975917450.0
2022-03-06,38419.984375,19745229902.0
2022-03-07,38062.0390625,28546143503.0
2022-03-08,38737.26953125,25776583476.0
2022-03-09,41982.92578125,32284121034.0
2022-03-10,39437.4609375,31078064711.0
2022-03-11,38794.97265625,26364890465.0
2022-03-12,38904.01171875,14616450657.0
2022-03-13,37849.6640625,17300745310.0
2022-03-14,39666.75390625,24322159070.0
2022-03-15,39338.78515625,23934000868.0
2022-03-16,41143.9296875,39616916192.0
2022-03-17,40951.37890625,22009601093.0
2022-03-18,41801.15625,34421564942.0
2022-03-19,42190.65234375,19664853187.0
2022-03-20,41247.82421875,20127946682.0
2022-03-21,41077.99609375,24615543271.0
2022-03-22,42358.80859375,32004652376.0
2022-03-23,42892.95703125,25242943069.0
2022-03-24,43960.93359375,31042992291.0
2022-03-25,44348.73046875,30574413034.0
2022-03-26,44500.828125,16950455995.0
2022-03-27,46820.4921875,28160889722.0
2022-03-28,47128.00390625,36362175703.0
2022-03-29,47465.73046875,31397059069.0
2022-03-30,47062.6640625,29333883962.0
2022-03-31,45538.67578125,33327427106.0
2022-04-01,46281.64453125,38162644287.0
2022-04-02,45868.94921875,29336594194.0
2022-04-03,46453.56640625,25414397610.0
2022-04-04,46622.67578125,32499785455.0
2022-04-05,45555.9921875,29640604055.0
2022-04-06,43206.73828125,39393395788.0
2022-04-07,43503.84765625,26101973106.0
2022-04-08,42287.6640625,27215995394.0
2022-04-09,42782.13671875,16050772496.0
2022-04-10,42207.671875,17654475582.0
2022-04-11,39521.90234375,33949912166.0
2022-04-12,40127.18359375,30991500854.0
2022-04-13,41166.73046875,27691105228.0
2022-04-14,39935.515625,24342001973.0
2022-04-15,40553.46484375,21756855753.0
2022-04-16,40424.484375,16833150693.0
2022-04-17,39716.953125,19087633042.0
2022-04-18,40826.21484375,33705182072.0
2022-04-19,41502.75,25303206547.0
2022-04-20,41374.37890625,27819532341.0
2022-04-21,40527.36328125,35372786395.0
2022-04-22,39740.3203125,28011716745.0
2022-04-23,39486.73046875,16138021249.0
2022-04-24,39469.29296875,17964398167.0
2022-04-25,40458.30859375,35445730570.0
2022-04-26,38117.4609375,34569088416.0
2022-04-27,39241.12109375,30981015184.0
2022-04-28,39773.828125,33903704907.0
2022-04-29,38609.82421875,30882994649.0
2022-04-30,37714.875,23895713731.0
2022-05-01,38469.09375,27002760110.0
2022-05-02,38529.328125,32922642426.0
2022-05-03,37750.453125,27326943244.0
2022-05-04,39698.37109375,36754404490.0
2022-05-05,36575.140625,43106256317.0
2022-05-06,36040.921875,37795577489.0
2022-05-07,35501.953125,24375896406.0
2022-05-08,34059.265625,36763041910.0
2022-05-09,30296.953125,63355494961.0
2022-05-10,31022.90625,59811038817.0
2022-05-11,28936.35546875,70388855818.0
2022-05-12,29047.751953125,66989173272.0
2022-05-13,29283.103515625,42841124537.0
2022-05-14,30101.265625,28579868620.0
2022-05-15,31305.11328125,25835372065.0
2022-05-16,29862.91796875,32613897286.0
2022-05-17,30425.857421875,29101473475.0
2022-05-18,28720.271484375,31285268319.0
2022-05-19,30314.333984375,33773447707.0
2022-05-20,29200.740234375,30749382605.0
2022-05-21,29432.2265625,17274840442.0
2022-05-22,30323.72265625,21631532270.0
2022-05-23,29098.91015625,31483454557.0
2022-05-24,29655.5859375,26616506245.0
2022-05-25,29562.361328125,27525063551.0
2022-05-26,29267.224609375,36774325352.0
2022-05-27,28627.57421875,36582005748.0
2022-05-28,28814.900390625,35519577634.0
2022-05-29,29445.95703125,18093886409.0
2022-05-30,31726.390625,39277993274.0
2022-05-31,31792.310546875,33538210634.0
2022-06-01,29799.080078125,41135817341.0
2022-06-02,30467.48828125,29083562061.0
2022-06-03,29704.390625,26175547452.0
2022-06-04,29832.9140625,16588370958.0
2022-06-05,29906.662109375,17264085441.0
2022-06-06,31370.671875,31947336829.0
2022-06-07,31155.478515625,40770974039.0
2022-06-08,30214.35546875,30242059107.0
2022-06-09,30111.998046875,21692004719.0
2022-06-10,29083.8046875,29867476527.0
2022-06-11,28360.810546875,27246574439.0
2022-06-12,26762.6484375,34163220274.0
2022-06-13,22487.388671875,68204556440.0
2022-06-14,22206.79296875,50913575242.0
2022-06-15,22572.83984375,54912007015.0
2022-06-16,20381.650390625,31183975654.0
2022-06-17,20471.482421875,27132421514.0
2022-06-18,19017.642578125,42009436760.0
2022-06-19,20553.271484375,35329942625.0
2022-06-20,20599.537109375,30818458597.0
2022-06-21,20710.59765625,28970212744.0
2022-06-22,19987.029296875,28574793478.0
2022-06-23,21085.876953125,26188097173.0
2022-06-24,21231.65625,24957784918.0
2022-06-25,21502.337890625,18372538715.0
2022-06-26,21027.294921875,18027170497.0
2022-06-27,20735.478515625,20965695707.0
2022-06-28,20280.634765625,21381535161.0
2022-06-29,20104.0234375,23552740328.0
2022-06-30,19784.7265625,26267239923.0
2022-07-01,19269.3671875,30767551159.0
2022-07-02,19242.255859375,18100418740.0
2022-07-03,19297.076171875,16390821947.0
2022-07-04,20231.26171875,21594638208.0
2022-07-05,20190.115234375,26715546990.0
2022-07-06,20548.24609375,24598943708.0
2022-07-07,21637.587890625,25814972520.0
2022-07-08,21731.1171875,49899834488.0
2022-07-09,21592.20703125,29641127858.0
2022-07-10,20860.44921875,28688807249.0
2022-07-11,19970.556640625,24150249025.0
2022-07-12,19323.9140625,25810220018.0
2022-07-13,20212.07421875,33042430345.0
2022-07-14,20569.919921875,31158743333.0
2022-07-15,20836.328125,25905575359.0
2022-07-16,21190.31640625,24302954056.0
2022-07-17,20779.34375,22927802083.0
2022-07-18,22485.689453125,39974475562.0
2022-07-19,23389.43359375,48765202697.0
2022-07-20,23231.732421875,42932549127.0
2022-07-21,23164.62890625,33631012204.0
2022-07-22,22714.978515625,31421555646.0
2022-07-23,22465.478515625,24021799169.0
2022-07-24,22609.1640625,23565495303.0
2022-07-25,21361.701171875,35574561406.0
2022-07-26,21239.75390625,28624673855.0
2022-07-27,22930.548828125,31758955233.0
2022-07-28,23843.88671875,40212386158.0
2022-07-29,23804.6328125,35887249746.0
2022-07-30,23656.20703125,28148218301.0
2022-07-31,23336.896484375,23553591896.0
2022-08-01,23314.19921875,25849159141.0
2022-08-02,22978.1171875,28389250717.0
2022-08-03,22846.5078125,26288169966.0
2022-08-04,22630.95703125,25120229769.0
2022-08-05,23289.314453125,28881249043.0
2022-08-06,22961.279296875,15978259885.0
2022-08-07,23175.890625,15886817043.0
2022-08-08,23809.486328125,28575544847.0
2022-08-09,23164.318359375,23555719219.0
2022-08-10,23947.642578125,32837431722.0
2022-08-11,23957.529296875,37127036580.0
2022-08-12,24402.818359375,27265804688.0
2022-08-13,24424.068359375,22987346289.0
2022-08-14,24319.333984375,22994133555.0
2022-08-15,24136.97265625,35123501685.0
2022-08-16,23883.291015625,27753685646.0
2022-08-17,23335.998046875,30931623076.0
2022-08-18,23212.73828125,23747613147.0
2022-08-19,20877.552734375,40509610260.0
2022-08-20,21166.060546875,27595671000.0
2022-08-21,21534.12109375,23102307723.0
2022-08-22,21398.908203125,31666498758.0
2022-08-23,21528.087890625,31878280659.0
2022-08-24,21395.01953125,31962253368.0
2022-08-25,21600.904296875,31028679593.0
2022-08-26,20260.01953125,42326789564.0
2022-08-27,20041.73828125,30116729776.0
2022-08-28,19616.814453125,24366810591.0
2022-08-29,20297.994140625,32637854078.0
2022-08-30,19796.80859375,34483360283.0
2022-08-31,20049.763671875,33225232872.0
2022-09-01,20127.140625,30182031010.0
2022-09-02,19969.771484375,29123998928.0
2022-09-03,19832.087890625,23613051457.0
2022-09-04,19986.712890625,25245861652.0
2022-09-05,19812.37109375,28813460025.0
2022-09-06,18837.66796875,43403978910.0
2022-09-07,19290.32421875,35239757134.0
2022-09-08,19329.833984375,32194477850.0
2022-09-09,21381.15234375,48469528171.0
2022-09-10,21680.5390625,36913738894.0
2022-09-11,21769.255859375,34493951963.0
2022-09-12,22370.44921875,50212088965.0
2022-09-13,20296.70703125,51091116622.0
2022-09-14,20241.08984375,37872380889.0
2022-09-15,19701.2109375,36389011503.0
2022-09-16,19772.583984375,30123362273.0
2022-09-17,20127.576171875,24957448100.0
2022-09-18,19419.505859375,31254779144.0
2022-09-19,19544.12890625,40177002624.0
2022-09-20,18890.7890625,36791346508.0
2022-09-21,18547.400390625,46363793975.0
2022-09-22,19413.55078125,41135767926.0
2022-09-23,19297.638671875,38896078052.0
2022-09-24,18937.01171875,26149643168.0
2022-09-25,18802.09765625,23359966112.0
2022-09-26,19222.671875,44148798321.0
2022-09-27,19110.546875,58571439619.0
2022-09-28,19426.720703125,53071298734.0
2022-09-29,19573.05078125,41037843771.0
2022-09-30,19431.7890625,43975248085.0
2022-10-01,19312.095703125,18719537670.0
2022-10-02,19044.107421875,20765955327.0
2022-10-03,19623.580078125,30484729489.0
2022-10-04,20336.84375,35887278685.0
2022-10-05,20160.716796875,33223790572.0
2022-10-06,19955.443359375,34711412966.0
2022-10-07,19546.849609375,29227315390.0
2022-10-08,19416.568359375,16437423167.0
2022-10-09,19446.42578125,16837262532.0
2022-10-10,19141.484375,27425022774.0
2022-10-11,19051.41796875,28711532910.0
2022-10-12,19157.4453125,24950173846.0
2022-10-13,19382.904296875,44219840004.0
2022-10-14,19185.65625,38452356727.0
2022-10-15,19067.634765625,16192235532.0
2022-10-16,19268.09375,17988916650.0
2022-10-17,19550.7578125,27472552998.0
2022-10-18,19334.416015625,30580012344.0
2022-10-19,19139.53515625,22425387184.0
2022-10-20,19053.740234375,24493974420.0
2022-10-21,19172.46875,32459287866.0
2022-10-22,19208.189453125,16104440957.0
2022-10-23,19567.0078125,22128794335.0
2022-10-24,19345.572265625,30202235805.0
2022-10-25,20095.857421875,47761524910.0
2022-10-26,20770.44140625,58895950537.0
2022-10-27,20285.8359375,49625110402.0
2022-10-28,20595.3515625,43994715910.0
2022-10-29,20818.4765625,40369840645.0
2022-10-30,20635.603515625,31486345556.0
2022-10-31,20495.7734375,45668466815.0
2022-11-01,20485.2734375,39819303159.0
2022-11-02,20159.50390625,55552169483.0
2022-11-03,20209.98828125,43228750179.0
2022-11-04,21147.23046875,64072727950.0
2022-11-05,21282.69140625,37846047609.0
2022-11-06,20926.486328125,35082693210.0
2022-11-07,20602.81640625,53510852236.0
2022-11-08,18541.271484375,118992465607.0
2022-11-09,15880.7802734375,102905151606.0
2022-11-10,17586.771484375,83202283721.0
2022-11-11,17034.29296875,55871616488.0
2022-11-12,16799.185546875,29717699419.0
2022-11-13,16353.365234375,27209183682.0
2022-11-14,16618.19921875,49630243054.0
2022-11-15,16884.61328125,36599436183.0
2022-11-16,16669.439453125,33925512989.0
2022-11-17,16687.517578125,27868914022.0
2022-11-18,16697.77734375,26862218609.0
2022-11-19,16711.546875,16106223492.0
2022-11-20,16291.83203125,21313378652.0
2022-11-21,15787.2841796875,37429485518.0
2022-11-22,16189.76953125,30726828760.0
2022-11-23,16610.70703125,32958875628.0
2022-11-24,16604.46484375,26129037414.0
2022-11-25,16521.841796875,18678255976.0
2022-11-26,16464.28125,18000008764.0
2022-11-27,16444.626953125,20443898509.0
2022-11-28,16217.322265625,27743025156.0
2022-11-29,16444.982421875,23581685468.0
2022-11-30,17168.56640625,29523576583.0
2022-12-01,16967.1328125,22895392882.0
2022-12-02,17088.66015625,19539705127.0
2022-12-03,16908.236328125,16217776704.0
2022-12-04,17130.486328125,16824520830.0
2022-12-05,16974.826171875,22209086834.0
2022-12-06,17089.50390625,19889922369.0
2022-12-07,16848.126953125,19675404389.0
2022-12-08,17233.474609375,20496603770.0
2022-12-09,17133.15234375,20328426366.0
2022-12-10,17128.724609375,12706781969.0
2022-12-11,17104.193359375,14122486832.0
2022-12-12,17206.4375,19617581341.0
2022-12-13,17781.318359375,26634741631.0
2022-12-14,17815.650390625,25534481470.0
2022-12-15,17364.865234375,20964448341.0
2022-12-16,16647.484375,24031608960.0
2022-12-17,16795.091796875,14463581825.0
2022-12-18,16757.9765625,10924354698.0
2022-12-19,16439.6796875,17221074814.0
2022-12-20,16906.3046875,22722096615.0
2022-12-21,16817.53515625,14882945045.0
2022-12-22,16830.341796875,16441573050.0
2022-12-23,16796.953125,15329265213.0
2022-12-24,16847.755859375,9744636213.0
2022-12-25,16841.986328125,11656379938.0
2022-12-26,16919.8046875,11886957804.0
2022-12-27,16717.173828125,15748580239.0
2022-12-28,16552.572265625,17005713920.0
2022-12-29,16642.341796875,14472237479.0
2022-12-30,16602.5859375,15929162910.0
2022-12-31,16547.49609375,11239186456.0
2023-01-01,16625.080078125,9244361700.0
2023-01-02,16688.470703125,12097775227.0
2023-01-03,16679.857421875,13903079207.0
2023-01-04,16863.23828125,18421743322.0
2023-01-05,16836.736328125,13692758566.0
2023-01-06,16951.96875,14413662913.0
2023-01-07,16955.078125,7714767174.0
2023-01-08,17091.14453125,9768827914.0
2023-01-09,17196.5546875,18624736866.0
2023-01-10,17446.29296875,15808338949.0
2023-01-11,17934.896484375,18372283782.0
2023-01-12,18869.587890625,34971338710.0
2023-01-13,19909.57421875,29225029694.0
2023-01-14,20976.298828125,38967784639.0
2023-01-15,20880.798828125,19298407543.0
2023-01-16,21169.6328125,26792494050.0
2023-01-17,21161.51953125,24999983362.0
2023-01-18,20688.78125,30005625418.0
2023-01-19,21086.79296875,21152848261.0
2023-01-20,22676.552734375,28799154319.0
2023-01-21,22777.625,32442278429.0
2023-01-22,22720.416015625,24746386230.0
2023-01-23,22934.431640625,26518700512.0
2023-01-24,22636.46875,26405069715.0
2023-01-25,23117.859375,30685366709.0
2023-01-26,23032.77734375,26357839322.0
2023-01-27,23078.728515625,25383335641.0
2023-01-28,23031.08984375,14712928379.0
2023-01-29,23774.56640625,27423687259.0
2023-01-30,22840.138671875,27205595568.0
2023-01-31,23139.283203125,22837828665.0
2023-02-01,23723.76953125,26683255504.0
2023-02-02,23471.87109375,32066936882.0
2023-02-03,23449.322265625,27083066007.0
2023-02-04,23331.84765625,15639298538.0
2023-02-05,22955.666015625,19564262605.0
2023-02-06,22760.109375,23825006542.0
2023-02-07,23264.291015625,27187964471.0
2023-02-08,22939.3984375,25371367758.0
2023-02-09,21819.0390625,32572572185.0
2023-02-10,21651.18359375,27078406594.0
2023-02-11,21870.875,16356226232.0
2023-02-12,21788.203125,17821046406.0
2023-02-13,21808.1015625,23918742607.0
2023-02-14,22220.8046875,26792596581.0
2023-02-15,24307.841796875,32483312909.0
2023-02-16,23623.474609375,39316664596.0
2023-02-17,24565.6015625,41358451255.0
2023-02-18,24641.27734375,19625427158.0
2023-02-19,24327.642578125,25555105670.0
2023-02-20,24829.1484375,28987376573.0
2023-02-21,24436.353515625,31252098714.0
2023-02-22,24188.84375,30199996781.0
2023-02-23,23947.4921875,30476264066.0
2023-02-24,23198.126953125,26811744928.0
2023-02-25,23175.375,16100721565.0
2023-02-26,23561.212890625,16644534842.0
2023-02-27,23522.87109375,22660763494.0
2023-02-28,23147.353515625,20535363434.0
2023-03-01,23646.55078125,24662841200.0
2023-03-02,23475.466796875,20386398516.0
2023-03-03,22362.6796875,26062404610.0
2023-03-04,22353.349609375,11166012913.0
2023-03-05,22435.513671875,13317001733.0
2023-03-06,22429.7578125,17353192895.0
2023-03-07,22219.76953125,22765452204.0
2023-03-08,21718.080078125,22536575684.0
2023-03-09,20363.021484375,30364664171.0
2023-03-10,20187.244140625,39578257695.0
2023-03-11,20632.41015625,30180288176.0
2023-03-12,22163.94921875,29279035521.0
2023-03-13,24197.533203125,49466362688.0
2023-03-14,24746.07421875,54622230164.0
2023-03-15,24375.9609375,43655701450.0
2023-03-16,25052.7890625,33866061747.0
2023-03-17,27423.9296875,50730261335.0
2023-03-18,26965.87890625,35723036817.0
2023-03-19,28038.67578125,37769448859.0
2023-03-20,27767.236328125,44774027664.0
2023-03-21,28175.81640625,36102192830.0
2023-03-22,27307.4375,33382021890.0
2023-03-23,28333.97265625,24220433689.0
2023-03-24,27493.28515625,25980310960.0
2023-03-25,27494.70703125,13383005987.0
2023-03-26,27994.330078125,13878363192.0
2023-03-27,27139.888671875,18188895178.0
2023-03-28,27268.130859375,17783600385.0
2023-03-29,28348.44140625,20684945906.0
2023-03-30,28033.5625,22435349951.0
2023-03-31,28478.484375,19001327598.0
2023-04-01,28411.03515625,10876469901.0
2023-04-02,28199.30859375,12284641999.0
2023-04-03,27790.220703125,19556501327.0
2023-04-04,28168.08984375,15284538859.0
2023-04-05,28177.984375,17052315986.0
2023-04-06,28044.140625,13837809380.0
2023-04-07,27925.859375,10861680497.0
2023-04-08,27947.794921875,9373255556.0
2023-04-09,28333.05078125,12175322951.0
2023-04-10,29652.98046875,19282400094.0
2023-04-11,30235.05859375,20121259843.0
2023-04-12,30139.052734375,18651929926.0
2023-04-13,30399.06640625,17487721001.0
2023-04-14,30485.69921875,22659995079.0
2023-04-15,30318.49609375,11940685378.0
2023-04-16,30315.35546875,12854816417.0
2023-04-17,29445.044921875,17872186762.0
2023-04-18,30397.552734375,19480529496.0
2023-04-19,28822.6796875,24571565421.0
2023-04-20,28245.98828125,21340360360.0
2023-04-21,27276.91015625,20759504330.0
2023-04-22,27817.5,13125734602.0
2023-04-23,27591.384765625,12785446832.0
2023-04-24,27525.33984375,17703288330.0
2023-04-25,28307.59765625,17733373139.0
2023-04-26,28422.701171875,31854242019.0
2023-04-27,29473.787109375,27153445027.0
2023-04-28,29340.26171875,17544464887.0
2023-04-29,29248.48828125,10662634333.0
2023-04-30,29268.806640625,14652199272.0
2023-05-01,28091.568359375,18655599976.0
2023-05-02,28680.537109375,16432924527.0
2023-05-03,29006.30859375,19122972518.0
2023-05-04,28847.7109375,15548678514.0
2023-05-05,29534.384765625,17936566518.0
2023-05-06,28904.623046875,15913866714.0
2023-05-07,28454.978515625,11301355486.0
2023-05-08,27694.2734375,19122903752.0
2023-05-09,27658.775390625,14128593256.0
2023-05-10,27621.755859375,20656025026.0
2023-05-11,27000.7890625,16724343943.0
2023-05-12,26804.990234375,19313599897.0
2023-05-13,26784.078125,9999171605.0
2023-05-14,26930.638671875,10014858959.0
2023-05-15,27192.693359375,14413231792.0
2023-05-16,27036.650390625,12732238816.0
2023-05-17,27398.802734375,15140006925.0
2023-05-18,26832.208984375,15222938600.0
2023-05-19,26890.12890625,11258983301.0
2023-05-20,27129.5859375,7044911360.0
2023-05-21,26753.826171875,8647416921.0
2023-05-22,26851.27734375,11056770492.0
2023-05-23,27225.7265625,13697203143.0
2023-05-24,26334.818359375,16299104428.0
2023-05-25,26476.20703125,13851122697.0
2023-05-26,26719.291015625,12711619225.0
2023-05-27,26868.353515625,7892015141.0
2023-05-28,28085.646484375,14545229578.0
2023-05-29,27745.884765625,15181308984.0
2023-05-30,27702.349609375,13251081851.0
2023-05-31,27219.658203125,15656371534.0
2023-06-01,26819.97265625,14678970415.0
2023-06-02,27249.58984375,14837415000.0
2023-06-03,27075.12890625,8385597470.0
2023-06-04,27119.06640625,9360912318.0
2023-06-05,25760.09765625,21513292646.0
2023-06-06,27238.783203125,21929670693.0
2023-06-07,26345.998046875,19530045082.0
2023-06-08,26508.216796875,11904824295.0
2023-06-09,26480.375,11015551640.0
2023-06-10,25851.240234375,19872933189.0
2023-06-11,25940.16796875,10732609603.0
2023-06-12,25902.5,11677889997.0
2023-06-13,25918.728515625,14143474486.0
2023-06-14,25124.67578125,14265717766.0
2023-06-15,25576.39453125,15837384409.0
2023-06-16,26327.462890625,16324646965.0
2023-06-17,26510.67578125,11090276850.0
2023-06-18,26336.212890625,9565695129.0
2023-06-19,26851.029296875,12826986222.0
2023-06-20,28327.48828125,22211859147.0
2023-06-21,30027.296875,33346760979.0
2023-06-22,29912.28125,20653160491.0
2023-06-23,30695.46875,24115570085.0
2023-06-24,30548.6953125,12147822496.0
2023-06-25,30480.26171875,12703464114.0
2023-06-26,30271.130859375,16493186997.0
2023-06-27,30688.1640625,16428827944.0
2023-06-28,30086.24609375,14571500779.0
2023-06-29,30445.3515625,13180860821.0
2023-06-30,30477.251953125,26387306197.0
2023-07-01,30590.078125,9086606733.0
2023-07-02,30620.76953125,10533418042.0
2023-07-03,31156.439453125,15271884873.0
2023-07-04,30777.58203125,12810828427.0
2023-07-05,30514.166015625,12481622280.0
2023-07-06,29909.337890625,21129219509.0
2023-07-07,30342.265625,13384770155.0
2023-07-08,30292.541015625,7509378699.0
2023-07-09,30171.234375,7903327692.0
2023-07-10,30414.470703125,14828209155.0
2023-07-11,30620.951171875,12151839152.0
2023-07-12,30391.646484375,14805659717.0
2023-07-13,31476.048828125,23686079548.0
2023-07-14,30334.068359375,20917902660.0
2023-07-15,30295.806640625,8011667756.0
2023-07-16,30249.1328125,8516564470.0
2023-07-17,30145.888671875,13240156074.0
2023-07-18,29856.5625,13138897269.0
2023-07-19,29913.923828125,12128602812.0
2023-07-20,29792.015625,14655207121.0
2023-07-21,29908.744140625,10972789818.0
2023-07-22,29771.802734375,7873300598.0
2023-07-23,30084.5390625,9220145050.0
2023-07-24,29176.916015625,15395817395.0
2023-07-25,29227.390625,10266772793.0
2023-07-26,29354.97265625,13497554655.0
2023-07-27,29210.689453125,10770779217.0
2023-07-28,29319.24609375,11218474952.0
2023-07-29,29356.91796875,6481775959.0
2023-07-30,29275.30859375,8678454527.0
2023-07-31,29230.111328125,11656781982.0
2023-08-01,29675.732421875,18272392391.0
2023-08-02,29151.958984375,19212655598.0
2023-08-03,29178.6796875,12780357746.0
2023-08-04,29074.091796875,12036639988.0
2023-08-05,29042.126953125,6598366353.0
2023-08-06,29041.85546875,7269806994.0
2023-08-07,29180.578125,13618163710.0
2023-08-08,29765.4921875,17570561357.0
2023-08-09,29561.494140625,18379521213.0
2023-08-10,29429.591796875,11865344789.0
2023-08-11,29397.71484375,10195168197.0
2023-08-12,29415.96484375,6194358008.0
2023-08-13,29282.9140625,7329897180.0
2023-08-14,29408.443359375,14013695304.0
2023-08-15,29170.34765625,12640195779.0
2023-08-16,28701.779296875,14949271904.0
2023-08-17,26664.55078125,31120851211.0
2023-08-18,26049.556640625,24026236529.0
2023-08-19,26096.205078125,10631443812.0
2023-08-20,26189.583984375,9036580420.0
2023-08-21,26124.140625,13371557893.0
2023-08-22,26031.65625,14503820706.0
2023-08-23,26431.640625,16985265785.0
2023-08-24,26162.373046875,12871532023.0
2023-08-25,26047.66796875,12406045118.0
2023-08-26,26008.462890625,6034817316.0
2023-08-27,26089.693359375,6913768611.0
2023-08-28,26106.150390625,11002805166.0
2023-08-29,27727.392578125,29368391712.0
2023-08-30,27297.265625,16343655235.0
2023-08-31,25931.47265625,20181001451.0
2023-09-01,25800.724609375,17202862221.0
2023-09-02,25868.798828125,10100387473.0
2023-09-03,25969.56640625,8962524523.0
2023-09-04,25812.416015625,10680635106.0
2023-09-05,25779.982421875,11094740040.0
2023-09-06,25753.236328125,12752705327.0
2023-09-07,26240.1953125,11088307100.0
2023-09-08,25905.654296875,10817356400.0
2023-09-09,25895.677734375,5481314132.0
2023-09-10,25832.2265625,7899553047.0
2023-09-11,25162.654296875,14600006467.0
2023-09-12,25833.34375,18657279324.0
2023-09-13,26228.32421875,13072077070.0
2023-09-14,26539.673828125,13811359124.0
2023-09-15,26608.693359375,11479735788.0
2023-09-16,26568.28125,7402031417.0
2023-09-17,26534.1875,6774210670.0
2023-09-18,26754.28125,15615339655.0
2023-09-19,27211.1171875,13807690550.0
2023-09-20,27132.0078125,13281116604.0
2023-09-21,26567.6328125,13371443708.0
2023-09-22,26579.568359375,10578746709.0
2023-09-23,26579.390625,7404700301.0
2023-09-24,26256.826171875,8192867686.0
2023-09-25,26298.48046875,11997833257.0
2023-09-26,26217.25,9985498161.0
2023-09-27,26352.716796875,11718380997.0
2023-09-28,27021.546875,14079002707.0
2023-09-29,26911.720703125,10396435377.0
2023-09-30,26967.916015625,5331172801.0
2023-10-01,27983.75,9503917434.0
2023-10-02,27530.78515625,19793041322.0
2023-10-03,27429.978515625,11407814187.0
2023-10-04,27799.39453125,11143355314.0
2023-10-05,27415.912109375,11877253670.0
2023-10-06,27946.59765625,13492391599.0
2023-10-07,27968.83984375,6553044316.0
2023-10-08,27935.08984375,7916875290.0
2023-10-09,27583.677734375,12007668568.0
2023-10-10,27391.01953125,9973350678.0
2023-10-11,26873.3203125,13648094333.0
2023-10-12,26756.798828125,9392909295.0
2023-10-13,26862.375,15165312851.0
2023-10-14,26861.70703125,5388116782.0
2023-10-15,27159.65234375,7098201980.0
2023-10-16,28519.466796875,27833876539.0
2023-10-17,28415.748046875,14872527508.0
2023-10-18,28328.341796875,12724128586.0
2023-10-19,28719.806640625,14448058195.0
2023-10-20,29682.94921875,21536125230.0
2023-10-21,29918.412109375,11541146996.0
2023-10-22,29993.896484375,10446520040.0
2023-10-23,33086.234375,38363572311.0
2023-10-24,33901.52734375,44934999645.0
2023-10-25,34502.8203125,25254318008.0
2023-10-26,34156.6484375,19427195376.0
2023-10-27,33909.80078125,16418032871.0
2023-10-28,34089.57421875,10160330825.0
2023-10-29,34538.48046875,11160323986.0
2023-10-30,34502.36328125,17184860315.0
2023-10-31,34667.78125,15758270810.0
2023-11-01,35437.25390625,22446272005.0
2023-11-02,34938.2421875,20998158544.0
2023-11-03,34732.32421875,17158456701.0
2023-11-04,35082.1953125,9561294264.0
2023-11-05,35049.35546875,12412743996.0
2023-11-06,35037.37109375,12693436420.0
2023-11-07,35443.5625,18834737789.0
2023-11-08,35655.27734375,17295394918.0
2023-11-09,36693.125,37762672382.0
2023-11-10,37313.96875,22711265155.0
2023-11-11,37138.05078125,13924272142.0
2023-11-12,37054.51953125,11545715999.0
2023-11-13,36502.35546875,19057712790.0
2023-11-14,35537.640625,23857403554.0
2023-11-15,37880.58203125,27365821679.0
2023-11-16,36154.76953125,26007385366.0
2023-11-17,36596.68359375,22445028430.0
2023-11-18,36585.703125,11886022717.0
2023-11-19,37386.546875,12915986553.0
2023-11-20,37476.95703125,20888209068.0
2023-11-21,35813.8125,25172163756.0
2023-11-22,37432.33984375,24397247860.0
2023-11-23,37289.62109375,14214948217.0
2023-11-24,37720.28125,22922957823.0
2023-11-25,37796.79296875,9099571165.0
2023-11-26,37479.12109375,13744796068.0
2023-11-27,37254.16796875,19002925720.0
2023-11-28,37831.0859375,21696137014.0
2023-11-29,37858.4921875,20728546658.0
2023-11-30,37712.74609375,18115982627.0
2023-12-01,38688.75,23512784002.0
2023-12-02,39476.33203125,15534035612.0
2023-12-03,39978.390625,15769696322.0
2023-12-04,41980.09765625,39856129827.0
2023-12-05,44080.6484375,36312154535.0
2023-12-06,43746.4453125,29909761586.0
2023-12-07,43292.6640625,27635760671.0
2023-12-08,44166.6015625,24421116687.0
2023-12-09,43725.984375,17368210171.0
2023-12-10,43779.69921875,13000481418.0
2023-12-11,41243.83203125,40632672038.0
2023-12-12,41450.22265625,24779520132.0
2023-12-13,42890.7421875,26797884674.0
2023-12-14,43023.97265625,25578530178.0
2023-12-15,41929.7578125,19639442462.0
2023-12-16,42240.1171875,14386729590.0
2023-12-17,41364.6640625,16678702876.0
2023-12-18,42623.5390625,25224642008.0
2023-12-19,42270.52734375,23171001281.0
2023-12-20,43652.25,27868908174.0
2023-12-21,43869.15234375,22452766169.0
2023-12-22,43997.90234375,21028503216.0
2023-12-23,43739.54296875,13507796558.0
2023-12-24,43016.1171875,18830554085.0
2023-12-25,43613.140625,21115795370.0
2023-12-26,42520.40234375,30026850982.0
2023-12-27,43442.85546875,25260941032.0
2023-12-28,42627.85546875,22992093014.0
2023-12-29,42099.40234375,26000021055.0
2023-12-30,42156.90234375,16013925945.0
2023-12-31,42265.1875,16397498810.0
2024-01-01,44167.33203125,18426978443.0
2024-01-02,44957.96875,39335274536.0
2024-01-03,42848.17578125,46342323118.0
2024-01-04,44179.921875,30448091210.0
2024-01-05,44162.69140625,32336029347.0
2024-01-06,43989.1953125,16092503468.0
2024-01-07,43943.09765625,19330573863.0
2024-01-08,46970.50390625,42746192015.0
2024-01-09,46139.73046875,39821290992.0
2024-01-10,46627.77734375,50114613298.0
2024-01-11,46368.5859375,45833734549.0
2024-01-12,42853.16796875,43332698900.0
2024-01-13,42842.3828125,20601860469.0
2024-01-14,41796.26953125,17521429522.0
2024-01-15,42511.96875,22320220558.0
2024-01-16,43154.9453125,24062872740.0
2024-01-17,42742.65234375,20851232595.0
2024-01-18,41262.05859375,25218357242.0
2024-01-19,41618.40625,25752407154.0
2024-01-20,41665.5859375,11586690904.0
2024-01-21,41545.78515625,9344043642.0
2024-01-22,39507.3671875,31338708143.0
2024-01-23,39845.55078125,29244553045.0
2024-01-24,40077.07421875,22359526178.0
2024-01-25,39933.80859375,18491782013.0
2024-01-26,41816.87109375,25598119893.0
2024-01-27,42120.0546875,11422941934.0
2024-01-28,42035.59375,16858971687.0
2024-01-29,43288.24609375,20668476578.0
2024-01-30,42952.609375,23842814518.0
2024-01-31,42582.60546875,24673628793.0
2024-02-01,43075.7734375,21423953779.0
2024-02-02,43185.859375,18603843039.0
2024-02-03,42992.25,11169245236.0
2024-02-04,42583.58203125,14802225490.0
2024-02-05,42658.66796875,18715487317.0
2024-02-06,43084.671875,16798476726.0
2024-02-07,44318.22265625,21126587775.0
2024-02-08,45301.56640625,26154524080.0
2024-02-09,47147.19921875,39316770844.0
2024-02-10,47771.27734375,16398681570.0
2024-02-11,48293.91796875,19315867136.0
2024-02-12,49958.22265625,34511985805.0
2024-02-13,49742.44140625,35593051468.0
2024-02-14,51826.6953125,39105608050.0
2024-02-15,51938.5546875,38564360533.0
2024-02-16,52160.203125,28180567298.0
2024-02-17,51662.99609375,20009091006.0
2024-02-18,52122.546875,17595377311.0
2024-02-19,51779.14453125,21362184346.0
2024-02-20,52284.875,33353758256.0
2024-02-21,51839.1796875,28624907020.0
2024-02-22,51304.97265625,25413900611.0
2024-02-23,50731.94921875,21427078270.0
2024-02-24,51571.1015625,15174077879.0
2024-02-25,51733.23828125,15413239245.0
2024-02-26,54522.40234375,34074411896.0
2024-02-27,57085.37109375,49756832031.0
2024-02-28,62504.7890625,83239156760.0
2024-02-29,61198.3828125,65496611844.0
2024-03-01,62440.6328125,40186368423.0
2024-03-02,62029.84765625,23888473685.0
2024-03-03,63167.37109375,26253811450.0
2024-03-04,68330.4140625,70670471105.0
2024-03-05,63801.19921875,102802940877.0
2024-03-06,66106.8046875,68750229073.0
2024-03-07,66925.484375,46989543159.0
2024-03-08,68300.09375,59202881172.0
2024-03-09,68498.8828125,21609650379.0
2024-03-10,69019.7890625,35683977532.0
2024-03-11,72123.90625,65716656765.0
2024-03-12,71481.2890625,62554434520.0
2024-03-13,73083.5,48212536929.0
2024-03-14,71396.59375,59594605698.0
2024-03-15,69403.7734375,78320453976.0
2024-03-16,65315.1171875,46842198371.0
2024-03-17,68390.625,44716864318.0
2024-03-18,67548.59375,49261579492.0
2024-03-19,61912.7734375,74215844794.0
2024-03-20,67913.671875,66792634382.0
2024-03-21,65491.390625,44480350565.0
2024-03-22,63778.76171875,41401116964.0
2024-03-23,64062.203125,24738964812.0
2024-03-24,67234.171875,27206630673.0
2024-03-25,69958.8125,42700139523.0
2024-03-26,69987.8359375,36010437368.0
2024-03-27,69455.34375,40827113309.0
2024-03-28,70744.953125,34374900617.0
2024-03-29,69892.828125,25230851763.0
2024-03-30,69645.3046875,17130241883.0
2024-03-31,71333.6484375,20050941373.0
2024-04-01,69702.1484375,34873527352.0
2024-04-02,65446.97265625,50705240709.0
2024-04-03,65980.8125,34488018367.0
2024-04-04,68508.84375,34439527442.0
2024-04-05,67837.640625,33748230056.0
2024-04-06,68896.109375,19967785809.0
2024-04-07,69362.5546875,21204930369.0
2024-04-08,71631.359375,37261432669.0
2024-04-09,69139.015625,36426900409.0
2024-04-10,70587.8828125,38318601774.0
2024-04-11,70060.609375,30153382941.0
2024-04-12,67195.8671875,44129299406.0
2024-04-13,63821.47265625,52869738185.0
2024-04-14,65738.7265625,49084320047.0
2024-04-15,63426.2109375,43595917654.0
2024-04-16,63811.86328125,42847528078.0
2024-04-17,61276.69140625,41915247049.0
2024-04-18,63512.75390625,36006307335.0
2024-04-19,63843.5703125,49920425401.0
2024-04-20,64994.44140625,23097485495.0
2024-04-21,64926.64453125,20506644853.0
2024-04-22,66837.6796875,28282686673.0
2024-04-23,66407.2734375,24310975583.0
2024-04-24,64276.8984375,30276655120.0
2024-04-25,64481.70703125,32155786816.0
2024-04-26,63755.3203125,24139372950.0
2024-04-27,63419.140625,19530783039.0
2024-04-28,63113.23046875,17334827993.0
2024-04-29,63841.12109375,26635912073.0
2024-04-30,60636.85546875,37840840057.0
2024-05-01,58254.01171875,48439780271.0
2024-05-02,59123.43359375,32711813559.0
2024-05-03,62889.8359375,33172023048.0
2024-05-04,63891.47265625,20620477992.0
2024-05-05,64031.1328125,18296164805.0
2024-05-06,63161.94921875,28697928697.0
2024-05-07,62334.81640625,25930730982.0
2024-05-08,61187.94140625,26088172222.0
2024-05-09,63049.9609375,25453338161.0
2024-05-10,60792.77734375,27804954694.0
2024-05-11,60793.7109375,13842272968.0
2024-05-12,61448.39453125,13800459405.0
2024-05-13,62901.44921875,27889181179.0
2024-05-14,61552.7890625,28186271527.0
2024-05-15,66267.4921875,39815167074.0
2024-05-16,65231.58203125,31573077994.0
2024-05-17,67051.875,28031279310.0
2024-05-18,66940.8046875,16712277406.0
2024-05-19,66278.3671875,19249094538.0
2024-05-20,71448.1953125,43850655717.0
2024-05-21,70136.53125,46932005990.0
2024-05-22,69122.3359375,32802561717.0
2024-05-23,67929.5625,41895680979.0
2024-05-24,68526.1015625,29197308153.0
2024-05-25,69265.9453125,15473071741.0
2024-05-26,68518.09375,15628433737.0
2024-05-27,69394.5546875,25870990717.0
2024-05-28,68296.21875,32722265965.0
2024-05-29,67578.09375,26707072906.0
2024-05-30,68364.9921875,29509712534.0
2024-05-31,67491.4140625,27387283769.0
2024-06-01,67706.9375,11641495604.0
2024-06-02,67751.6015625,17110588415.0
2024-06-03,68804.78125,32401285324.0
2024-06-04,70567.765625,33149696545.0
2024-06-05,71082.8203125,32810771409.0
2024-06-06,70757.1640625,25223152007.0
2024-06-07,69342.5859375,36188381096.0
2024-06-08,69305.7734375,14262185861.0
2024-06-09,69647.9921875,13534028500.0
2024-06-10,69512.28125,20597699541.0
2024-06-11,67332.03125,37116136345.0
2024-06-12,68241.1875,34497940694.0
2024-06-13,66756.3984375,28955204146.0
2024-06-14,66011.09375,27403884779.0
2024-06-15,66191.0,14121265576.0
2024-06-16,66639.046875,13281140541.0
2024-06-17,66490.296875,30006354476.0
2024-06-18,65140.74609375,39481285950.0
2024-06-19,64960.296875,21103423504.0
2024-06-20,64828.65625,25641109124.0
2024-06-21,64096.19921875,26188171739.0
2024-06-22,64252.578125,9858198793.0
2024-06-23,63180.796875,11170471802.0
2024-06-24,60277.4140625,43152133651.0
2024-06-25,61804.640625,29201215431.0
2024-06-26,60811.27734375,22506003064.0
2024-06-27,61604.80078125,21231745045.0
2024-06-28,60320.13671875,24952866877.0
2024-06-29,60887.37890625,12652903396.0
2024-06-30,62678.29296875,17333226409.0
2024-07-01,62851.98046875,25468379421.0
2024-07-02,62029.015625,20151616992.0
2024-07-03,60173.921875,29756701685.0
2024-07-04,56977.703125,41149609230.0
2024-07-05,56662.375,55417544033.0
2024-07-06,58303.5390625,20610320577.0
2024-07-07,55849.109375,20553359505.0
2024-07-08,56705.09765625,39766159899.0
2024-07-09,58009.2265625,27849512607.0
2024-07-10,57742.49609375,26175260526.0
2024-07-11,57344.9140625,28707803842.0
2024-07-12,57899.46484375,25604805221.0
2024-07-13,59231.953125,17080061806.0
2024-07-14,60787.79296875,22223416061.0
2024-07-15,64870.15234375,38094526099.0
2024-07-16,65097.1484375,41617346768.0
2024-07-17,64118.79296875,32525071311.0
2024-07-18,63974.06640625,27239305337.0
2024-07-19,66710.15625,37003855410.0
2024-07-20,67163.6484375,19029581250.0
2024-07-21,68154.5234375,26652190004.0
2024-07-22,67585.25,42649109453.0
2024-07-23,65927.671875,35605668666.0
2024-07-24,65372.1328125,27470942309.0
2024-07-25,65777.2265625,38315761670.0
2024-07-26,67912.0625,30488630457.0
2024-07-27,67813.3359375,34691905492.0
2024-07-28,68255.8671875,18043166945.0
2024-07-29,66819.9140625,40780682628.0
2024-07-30,66201.015625,31380492109.0
2024-07-31,64619.25,31292785994.0
2024-08-01,65357.5,40975554494.0
2024-08-02,61415.06640625,43060875727.0
2024-08-03,60680.09375,31753030589.0
2024-08-04,58116.9765625,31758917219.0
2024-08-05,53991.45703125,108991085584.0
2024-08-06,56034.31640625,49300484106.0
2024-08-07,55027.4609375,41637562185.0
2024-08-08,61710.13671875,45298472567.0
2024-08-09,60880.11328125,33425553115.0
2024-08-10,60945.8125,15745822278.0
2024-08-11,58719.484375,22759754812.0
2024-08-12,59354.515625,37078637820.0
2024-08-13,60609.56640625,30327698167.0
2024-08-14,58737.26953125,29961696180.0
2024-08-15,57560.09765625,35682112440.0
2024-08-16,58894.10546875,29350938673.0
2024-08-17,59478.97265625,13589684021.0
2024-08-18,58483.96484375,17740625837.0
2024-08-19,59493.453125,25911207712.0
2024-08-20,59012.79296875,31613400008.0
2024-08-21,61175.19140625,32731154072.0
2024-08-22,60381.9140625,27625734377.0
2024-08-23,64094.35546875,42530509233.0
2024-08-24,64178.9921875,21430585163.0
2024-08-25,64333.54296875,18827683555.0
2024-08-26,62880.66015625,27682040631.0
2024-08-27,59504.1328125,39103882198.0
2024-08-28,59027.625,40289564698.0
2024-08-29,59388.1796875,32224990582.0
2024-08-30,59119.4765625,32292756405.0
2024-08-31,58969.8984375,12403470760.0
2024-09-01,57325.48828125,24592449997.0
2024-09-02,59112.48046875,27036454524.0
2024-09-03,57431.0234375,26666961053.0
2024-09-04,57971.5390625,35627680312.0
2024-09-05,56160.48828125,31030280656.0
2024-09-06,53948.75390625,49361693566.0
2024-09-07,54139.6875,19061486526.0
2024-09-08,54841.56640625,18268287531.0
2024-09-09,57019.53515625,34618096173.0
2024-09-10,57648.7109375,28857630507.0
2024-09-11,57343.171875,37049062672.0
2024-09-12,58127.01171875,33835707949.0
2024-09-13,60571.30078125,32490528356.0
2024-09-14,60005.12109375,16428405496.0
2024-09-15,59182.8359375,18120960867.0
2024-09-16,58192.5078125,32032822113.0
2024-09-17,60308.5390625,38075570118.0
2024-09-18,61649.6796875,40990702891.0
2024-09-19,62940.45703125,42710252573.0
2024-09-20,63192.9765625,35177164222.0
2024-09-21,63394.83984375,14408616220.0
2024-09-22,63648.7109375,20183348802.0
2024-09-23,63329.80078125,31400285425.0
2024-09-24,64301.96875,29938335243.0
2024-09-25,63143.14453125,25078377700.0
2024-09-26,65181.01953125,36873129847.0
2024-09-27,65790.6640625,32058813449.0
2024-09-28,65887.6484375,15243637984.0
2024-09-29,65635.3046875,14788214575.0
2024-09-30,63329.5,37112957475.0
2024-10-01,60837.0078125,50220923500.0
2024-10-02,60632.78515625,40762722398.0
2024-10-03,60759.40234375,36106447279.0
2024-10-04,62067.4765625,29585472513.0
2024-10-05,62089.94921875,13305410749.0
2024-10-06,62818.953125,14776233667.0
2024-10-07,62236.66015625,34253562610.0
2024-10-08,62131.96875,28134475157.0
2024-10-09,60582.1015625,27670982363.0
2024-10-10,60274.5,30452813570.0
2024-10-11,62445.08984375,30327141594.0
2024-10-12,63193.0234375,16744110886.0
2024-10-13,62851.375,18177529690.0
2024-10-14,66046.125,43706958056.0
2024-10-15,67041.109375,48863870879.0
2024-10-16,67612.71875,38195189534.0
2024-10-17,67399.8359375,32790898511.0
2024-10-18,68418.7890625,36857165014.0
2024-10-19,68362.734375,14443497908.0
2024-10-20,69001.703125,18975847518.0
2024-10-21,67367.8515625,37498611780.0
2024-10-22,67361.40625,31808472566.0
2024-10-23,66432.1953125,32263980353.0
2024-10-24,68161.0546875,31414428647.0
2024-10-25,66642.4140625,41469984306.0
2024-10-26,67014.6953125,19588098156.0
2024-10-27,67929.296875,16721307878.0
2024-10-28,69907.7578125,38799856657.0
2024-10-29,72720.4921875,58541874402.0
2024-10-30,72339.5390625,40646637831.0
2024-10-31,70215.1875,40627912076.0
2024-11-01,69482.46875,49989795365.0
2024-11-02,69289.2734375,18184612091.0
2024-11-03,68741.1171875,34868307655.0
2024-11-04,67811.5078125,41184819348.0
2024-11-05,69359.5625,46046889204.0
2024-11-06,75639.078125,118592653963.0
2024-11-07,75904.859375,63467654989.0
2024-11-08,76545.4765625,55176858003.0
2024-11-09,76778.8671875,29009480361.0
2024-11-10,80474.1875,82570594495.0
2024-11-11,88701.484375,117966845037.0
2024-11-12,87955.8125,133673285375.0
2024-11-13,90584.1640625,123559027869.0
2024-11-14,87250.4296875,87616705248.0
2024-11-15,91066.0078125,78243109518.0
2024-11-16,90558.4765625,44333192814.0
2024-11-17,89845.8515625,46350159305.0
2024-11-18,90542.640625,75535775084.0
2024-11-19,92343.7890625,74521048295.0
2024-11-20,94339.4921875,71730956426.0
2024-11-21,98504.7265625,106024505582.0
2024-11-22,98997.6640625,78473580551.0
2024-11-23,97777.28125,44414644677.0
2024-11-24,98013.8203125,51712020623.0
2024-11-25,93102.296875,80909462490.0
2024-11-26,91985.3203125,91656519855.0
2024-11-27,95962.53125,71133452438.0
2024-11-28,95652.46875,52260008261.0
2024-11-29,97461.5234375,54968682476.0
2024-11-30,96449.0546875,31634227866.0
2024-12-01,97279.7890625,36590695296.0
2024-12-02,95865.3046875,72680784305.0
2024-12-03,96002.1640625,67067810961.0
2024-12-04,98768.53125,77199817112.0
2024-12-05,96593.5703125,149218945580.0
2024-12-06,99920.7109375,94534772658.0
2024-12-07,99923.3359375,44177510897.0
2024-12-08,101236.015625,44125751925.0
2024-12-09,97432.71875,110676473908.0
2024-12-10,96675.4296875,104823780634.0
2024-12-11,101173.03125,85391409936.0
2024-12-12,100043.0,72073983533.0
2024-12-13,101459.2578125,56894751583.0
2024-12-14,101372.96875,40422968793.0
2024-12-15,104298.6953125,51145914137.0
2024-12-16,106029.71875,91020417816.0
2024-12-17,106140.6015625,68589364868.0
2024-12-18,100041.5390625,93865656139.0
2024-12-19,97490.953125,97221662392.0
2024-12-20,97755.9296875,105634083408.0
2024-12-21,97224.7265625,51765334294.0
2024-12-22,95104.9375,43147981314.0
2024-12-23,94686.2421875,65239002919.0
2024-12-24,98676.09375,47114953674.0
2024-12-25,99299.1953125,33700394629.0
2024-12-26,95795.515625,47054980873.0
2024-12-27,94164.859375,52419934565.0
2024-12-28,95163.9296875,24107436185.0
2024-12-29,93530.2265625,29635885267.0
2024-12-30,92643.2109375,56188003691.0
2024-12-31,93429.203125,43625106843.0
2025-01-01,94419.7578125,24519888919.0
2025-01-02,96886.875,46009564411.0
2025-01-03,98107.4296875,35611391163.0
2025-01-04,98236.2265625,22342608078.0
2025-01-05,98314.9609375,20525254825.0
2025-01-06,102078.0859375,51823432705.0
2025-01-07,96922.703125,58685738547.0
2025-01-08,95043.5234375,63875859171.0
2025-01-09,92484.0390625,62777261693.0
2025-01-10,94701.453125,62058693684.0
2025-01-11,94566.59375,18860894100.0
2025-01-12,94488.4375,20885130965.0
2025-01-13,94516.5234375,72978998252.0
2025-01-14,96534.046875,53769675818.0
2025-01-15,100504.4921875,57805923627.0
2025-01-16,99756.90625,54103781805.0
2025-01-17,104462.0390625,71888972663.0
2025-01-18,104408.0703125,50445655726.0
2025-01-19,101089.609375,76789928525.0
2025-01-20,102016.6640625,126279678351.0
2025-01-21,106146.265625,88733878242.0
2025-01-22,103653.0703125,53878181052.0
2025-01-23,103960.171875,104104515428.0
2025-01-24,104819.484375,52388229265.0
2025-01-25,104714.6484375,23888996502.0
2025-01-26,102682.5,22543395879.0
2025-01-27,102087.6875,89006608428.0
2025-01-28,101332.4765625,47180685494.0
2025-01-29,103703.2109375,47432049818.0
2025-01-30,104735.3046875,41915744521.0
2025-01-31,102405.0234375,45732764360.0
2025-02-01,100655.90625,27757944848.0
2025-02-02,97688.9765625,63091816853.0
2025-02-03,101405.421875,115400897748.0
2025-02-04,97871.8203125,73002130211.0
2025-02-05,96615.4453125,49125911241.0
2025-02-06,96593.296875,45302471947.0
2025-02-07,96529.0859375,55741290456.0
2025-02-08,96482.453125,22447526395.0
2025-02-09,96500.09375,27732901800.0
2025-02-10,97437.5546875,40078962391.0
2025-02-11,95747.4296875,37488783272.0
2025-02-12,97885.859375,49340445530.0
2025-02-13,96623.8671875,37147280860.0
2025-02-14,97508.96875,32697987277.0
2025-02-15,97580.3515625,17047266288.0
2025-02-16,96175.03125,16536755396.0
2025-02-17,95773.3828125,27336550690.0
2025-02-18,95539.546875,37325720482.0
2025-02-19,96635.609375,28990872862.0
2025-02-20,98333.9375,31668022771.0
2025-02-21,96125.546875,49608706470.0
2025-02-22,96577.7578125,18353824477.0
2025-02-23,96273.921875,16999478976.0
2025-02-24,91418.171875,44046480529.0
2025-02-25,88736.171875,92139104128.0
2025-02-26,84347.0234375,64597492134.0
2025-02-27,84704.2265625,52659591954.0
2025-02-28,84373.0078125,83610570576.0
2025-03-01,86031.9140625,29190628396.0
2025-03-02,94248.3515625,58398341092.0
2025-03-03,86065.671875,70072228536.0
2025-03-04,87222.1953125,68095241474.0
2025-03-05,90623.5625,50498988027.0
2025-03-06,89961.7265625,47749810486.0
2025-03-07,86742.671875,65945677657.0
2025-03-08,86154.59375,18206118081.0
2025-03-09,80601.0390625,30899345977.0
2025-03-10,78532.0,54061099422.0
2025-03-11,82862.2109375,54702837196.0
2025-03-12,83722.359375,40353484454.0
2025-03-13,81066.703125,31412940153.0
2025-03-14,83969.1015625,29588112414.0
2025-03-15,84343.109375,13650491277.0
2025-03-16,82579.6875,21330270174.0
2025-03-17,84075.6875,25092785558.0
2025-03-18,82718.5,24095774594.0
2025-03-19,86854.2265625,34931960257.0
2025-03-20,84167.1953125,29028988961.0
2025-03-21,84043.2421875,19030452299.0
2025-03-22,83832.484375,9863214091.0
2025-03-23,86054.375,12594615537.0
2025-03-24,87498.9140625,34582604933.0
2025-03-25,87471.703125,30005840049.0
2025-03-26,86900.8828125,26704046038.0
2025-03-27,87177.1015625,24413471941.0
2025-03-28,84353.1484375,34198619509.0
2025-03-29,82597.5859375,16969396135.0
2025-03-30,82334.5234375,14763760943.0
2025-03-31,82548.9140625,29004228247.0
2025-04-01,85169.171875,28175650319.0
2025-04-02,82485.7109375,47584398470.0
2025-04-03,83102.828125,36852112080.0
2025-04-04,83843.8046875,45157640207.0
2025-04-05,83504.796875,14380803631.0
2025-04-06,78214.484375,36294853736.0
2025-04-07,79235.3359375,91262424987.0
2025-04-08,76271.953125,48314590749.0
2025-04-09,82573.953125,84213627038.0
2025-04-10,79626.140625,44718000633.0
2025-04-11,83404.8359375,41656778779.0
2025-04-12,85287.109375,24258059104.0
2025-04-13,83684.9765625,28796984817.0
2025-04-14,84542.390625,34090769777.0
2025-04-15,83668.9921875,28040322885.0
2025-04-16,84033.8671875,29617804112.0
2025-04-17,84895.75,21276866029.0
2025-04-18,84450.8046875,12728372364.0
2025-04-19,85063.4140625,15259300427.0
2025-04-20,85174.3046875,14664050812.0
2025-04-21,87518.90625,41396190190.0
2025-04-22,93441.890625,55899038456.0
2025-04-23,93699.109375,41719568821.0
2025-04-24,93943.796875,31483175315.0
2025-04-25,94720.5,40915232364.0
2025-04-26,94646.9296875,17612825123.0
2025-04-27,93754.84375,18090367764.0
2025-04-28,94978.75,32363449569.0
2025-04-29,94284.7890625,25806129921.0
2025-04-30,94207.3125,28344679831.0
2025-05-01,96492.3359375,32875889623.0
2025-05-02,96910.0703125,26421924677.0
2025-05-03,95891.796875,15775154889.0
2025-05-04,94315.9765625,18198688416.0
2025-05-05,94748.0546875,25816260327.0
2025-05-06,96802.4765625,26551275827.0
2025-05-07,97032.3203125,76983822462.0
2025-05-08,103241.4609375,69895404397.0
2025-05-09,102970.8515625,58198593958.0
2025-05-10,104696.328125,42276713994.0
2025-05-11,104106.359375,46285517406.0
2025-05-12,102812.953125,63250475404.0
2025-05-13,104169.8125,52608876410.0
2025-05-14,103539.4140625,45956071155.0
2025-05-15,103744.640625,50408241840.0
2025-05-16,103489.2890625,44386499364.0
2025-05-17,103191.0859375,37898552742.0
2025-05-18,106446.0078125,49887082058.0
2025-05-19,105606.1796875,61761126647.0
2025-05-20,106791.0859375,36515726122.0
2025-05-21,109678.078125,78086364051.0
2025-05-22,111673.28125,70157575642.0
2025-05-23,107287.796875,67548133399.0
2025-05-24,107791.15625,45903627163.0
2025-05-25,109035.390625,47518041841.0
2025-05-26,109440.3671875,45950461571.0
2025-05-27,108994.640625,57450176272.0
2025-05-28,107802.328125,49155377493.0
2025-05-29,105641.7578125,56022752042.0
2025-05-30,103998.5703125,57655287183.0
2025-05-31,104638.09375,38997843858.0
2025-06-01,105652.1015625,37397056873.0
2025-06-02,105881.53125,45819706290.0
2025-06-03,105432.46875,46196508367.0
2025-06-04,104731.984375,44544857105.0
2025-06-05,101575.953125,57479298400.0
2025-06-06,104390.34375,48856653697.0
2025-06-07,105615.625,38365033776.0
2025-06-08,105793.6484375,36626232328.0
2025-06-09,110294.1015625,55903193732.0
2025-06-10,110257.234375,54700101509.0
2025-06-11,108686.625,50842662052.0
2025-06-12,105929.0546875,54843867968.0
2025-06-13,106090.96875,69550440846.0
2025-06-14,105472.40625,38007870453.0
2025-06-15,105552.0234375,36744307742.0
2025-06-16,106796.7578125,50366626945.0
2025-06-17,104601.1171875,55964092176.0
2025-06-18,104883.328125,47318089133.0
2025-06-19,104684.2890625,37333806920.0
2025-06-20,103309.6015625,50951862476.0
2025-06-21,102257.40625,38360555118.0
2025-06-22,100987.140625,65536997201.0
2025-06-23,105577.7734375,65237759656.0
2025-06-24,106045.6328125,48822986421.0
2025-06-25,107361.2578125,51624120283.0
2025-06-26,106960.0,43891990613.0
2025-06-27,107088.4296875,45353692675.0
2025-06-28,107327.703125,30037708335.0
2025-06-29,108385.5703125,35534874438.0
2025-06-30,107135.3359375,42064804590.0
2025-07-01,105698.28125,44110692247.0
2025-07-02,108859.3203125,56248657737.0
2025-07-03,109647.9765625,50494742270.0
2025-07-04,108034.3359375,42616442656.0
2025-07-05,108231.1796875,30615537520.0
2025-07-06,109232.0703125,36746020463.0
2025-07-07,108299.8515625,45415696597.0
2025-07-08,108950.2734375,44282204127.0
2025-07-09,111326.5546875,57927418065.0
2025-07-10,115987.203125,95911605728.0
2025-07-11,117516.9921875,86928361085.0
2025-07-12,117435.2265625,45524560304.0
2025-07-13,119116.1171875,49021091807.0
2025-07-14,119849.703125,181746419401.0
2025-07-15,117777.1875,98321661181.0
2025-07-16,118738.5078125,72162029070.0
2025-07-17,119289.84375,72363841798.0
2025-07-18,118003.2265625,77945799785.0
2025-07-19,117939.9765625,47564562765.0
2025-07-20,117300.7890625,57515447231.0
2025-07-21,117439.5390625,69820091744.0
2025-07-22,119995.4140625,79217583118.0
2025-07-23,118754.9609375,66608604537.0
2025-07-24,118368.0,72627318560.0
2025-07-25,117635.8828125,104857024569.0
2025-07-26,117947.3671875,48508954046.0
2025-07-27,119448.4921875,54683390892.0
2025-07-28,117924.4765625,64822943193.0
2025-07-29,117922.1484375,68463107433.0
2025-07-30,117831.1875,68896148592.0
2025-07-31,115758.203125,69370346018.0
2025-08-01,113320.0859375,91294530181.0
2025-08-02,112526.9140625,56870866000.0
2025-08-03,114217.671875,48099615826.0
2025-08-04,115071.8828125,35783028986.0
2025-08-05,114141.4453125,61039182286.0
2025-08-06,115028.0,56379133510.0
2025-08-07,117496.8984375,64051649681.0
2025-08-08,116688.7265625,59713005166.0
2025-08-09,116500.359375,54004312429.0
2025-08-10,119306.7578125,64755458694.0
2025-08-11,118731.4453125,90528784177.0
2025-08-12,120172.90625,72803657984.0
2025-08-13,123344.0625,90904808795.0
2025-08-14,118359.578125,104055627395.0
2025-08-15,117398.3515625,68665353159.0
2025-08-16,117491.3515625,48036922378.0
2025-08-17,117453.0625,45852169525.0
2025-08-18,116252.3125,72787808090.0
2025-08-19,112831.1796875,71657600353.0
2025-08-20,114274.7421875,67993811526.0
2025-08-21,112419.03125,57817883700.0
2025-08-22,116874.0859375,82528088240.0
2025-08-23,115374.328125,55377142586.0
2025-08-24,113458.4296875,73961489632.0
2025-08-25,110124.3515625,85706860190.0
2025-08-26,111802.65625,69396320317.0
2025-08-27,111222.0625,62137056409.0
2025-08-28,112544.8046875,58860155962.0
2025-08-29,108410.8359375,77843379644.0
2025-08-30,108808.0703125,51486264208.0
2025-08-31,108236.7109375,47986191770.0
2025-09-01,109250.59375,66870372995.0
2025-09-02,111200.5859375,74776999491.0
2025-09-03,111723.2109375,61119643565.0
2025-09-04,110723.6015625,60131132901.0
2025-09-05,110650.984375,60241647677.0
2025-09-06,110224.6953125,21500719036.0
2025-09-07,111167.6171875,24618007520.0
2025-09-08,112071.4296875,40212813407.0
2025-09-09,111530.546875,45984480722.0
2025-09-10,113955.359375,56377473784.0
2025-09-11,115507.5390625,45685065332.0
2025-09-12,116101.578125,54785725894.0
2025-09-13,115950.5078125,34549454947.0
2025-09-14,115407.65625,32798036057.0
2025-09-15,115444.875,52937859416.0
2025-09-16,116843.1875,45781744593.0
2025-09-17,116468.5078125,60528025996.0
2025-09-18,117137.203125,49457272032.0
2025-09-19,115688.859375,38828473971.0
2025-09-20,115721.9609375,22864449614.0
2025-09-21,115306.09375,22495852193.0
2025-09-22,112748.5078125,70684158591.0
2025-09-23,112014.5,47211853279.0
2025-09-24,113328.6328125,48044595085.0
2025-09-25,109049.2890625,75528654284.0
2025-09-26,109712.828125,57738288949.0
2025-09-27,109681.9453125,26308042910.0
2025-09-28,112122.640625,33371048505.0
2025-09-29,114400.3828125,60000147466.0
2025-09-30,114056.0859375,58986330258.0
2025-10-01,118648.9296875,71328680132.0
2025-10-02,120681.2578125,71415163912.0
2025-10-03,122266.53125,83941392228.0
2025-10-04,122425.4296875,36769171735.0
2025-10-05,123513.4765625,73689317763.0
2025-10-06,124752.53125,72568881188.0
2025-10-07,121451.3828125,76149412513.0
2025-10-08,123354.8671875,65354305286.0
2025-10-09,121705.5859375,74653009425.0
2025-10-10,113214.3671875,153125018868.0
2025-10-11,110807.8828125,110236934340.0
2025-10-12,115169.765625,93710414091.0
2025-10-13,115271.078125,71582026739.0
2025-10-14,113118.6640625,92212917403.0
2025-10-15,110783.1640625,72574132855.0
2025-10-16,108186.0390625,87306423067.0
2025-10-17,106467.7890625,99703051669.0
2025-10-18,107198.265625,37779905278.0
2025-10-19,108666.7109375,47657008953.0
2025-10-20,110588.9296875,63507793085.0
2025-10-21,108476.890625,101194375480.0
2025-10-22,107688.5859375,80807013218.0
2025-10-23,110069.7265625,54944076060.0
2025-10-24,111033.921875,48160816980.0
2025-10-25,111641.7265625,24707667305.0
2025-10-26,114472.4453125,41708524143.0
2025-10-27,114119.328125,61761358733.0
2025-10-28,112956.1640625,64528066504.0
2025-10-29,110055.3046875,62192043469.0
2025-10-30,108305.546875,69673964814.0
2025-10-31,109556.1640625,60090359560.0
2025-11-01,110064.015625,25871668762.0
2025-11-02,110639.625,34284209459.0
2025-11-03,106547.5234375,72852006359.0
2025-11-04,101590.5234375,110967184773.0
2025-11-05,103891.8359375,77584934804.0
2025-11-06,101301.2890625,63932752861.0
2025-11-07,103372.40625,92168030081.0
2025-11-08,102282.1171875,51446691095.0
2025-11-09,104719.640625,59679243013.0
2025-11-10,105996.59375,69585887229.0
2025-11-11,102997.46875,71130078574.0
2025-11-12,101663.1875,64347179408.0
2025-11-13,99697.4921875,101546815416.0
2025-11-14,94397.7890625,114346441890.0
2025-11-15,95549.1484375,38500716654.0
2025-11-16,94177.078125,71086235862.0
2025-11-17,92093.875,94186165724.0
2025-11-18,92948.875,101333569062.0
2025-11-19,91465.9921875,80350354656.0
2025-11-20,86631.8984375,97970645638.0
2025-11-21,85090.6875,129157506112.0
2025-11-22,84648.359375,40793099246.0
2025-11-23,86805.0078125,58083435576.0
2025-11-24,88270.5625,74433896110.0
2025-11-25,87341.890625,64837343545.0
2025-11-26,90518.3671875,66496301869.0
2025-11-27,91285.375,57040622845.0
2025-11-28,90919.265625,60895830289.0
2025-11-29,90851.7578125,37921773455.0
2025-11-30,90394.3125,38497902869.0
2025-12-01,86321.5703125,87962894424.0
2025-12-02,91350.203125,78546798211.0
2025-12-03,93527.8046875,77650204986.0
2025-12-04,92141.625,64538402681.0
2025-12-05,89387.7578125,63256398633.0
2025-12-06,89272.375,37994042405.0
2025-12-07,90405.640625,47394898960.0
2025-12-08,90640.203125,57394099056.0
2025-12-09,92691.7109375,66861721440.0
2025-12-10,92020.9453125,65420694513.0
2025-12-11,92511.3359375,64532834621.0
2025-12-12,90270.4140625,80275884583.0
2025-12-13,90298.7109375,64237748110.0
2025-12-14,88175.1796875,50465972205.0
2025-12-15,86419.78125,45559514323.0
2025-12-16,87843.984375,41262178223.0
2025-12-17,86143.7578125,44243392914.0
2025-12-18,85462.5078125,52667115348.0
2025-12-19,88103.3828125,46733310561.0
2025-12-20,88344.0,14688196659.0
2025-12-21,88621.75,19845522660.0
2025-12-22,88490.015625,38047472118.0
2025-12-23,87414.0,43683011533.0
2025-12-24,87611.9609375,25550297986.0
2025-12-25,87234.7421875,19953216347.0
2025-12-26,87301.4296875,42455674908.0
2025-12-27,87802.15625,13741199310.0
2025-12-28,87835.8359375,15156557929.0
2025-12-29,87138.140625,48411625849.0
2025-12-30,88430.1328125,35586356225.0
2025-12-31,87508.828125,33830210616.0
2026-01-01,88731.984375,18849043990.0
2026-01-02,89944.6953125,46398906171.0
2026-01-03,90603.1875,20774828592.0
2026-01-04,91413.4921875,26770491368.0
2026-01-05,93882.5546875,53376407252.0
2026-01-06,93729.03125,52430605257.0
2026-01-07,91308.0546875,43461295053.0
2026-01-08,91027.125,42386697030.0
2026-01-09,90513.1015625,38305906684.0
2026-01-10,90386.6484375,12385895282.0
2026-01-11,90827.4609375,17165568977.0
2026-01-12,91192.9921875,41346275358.0
2026-01-13,95321.78125,54980674354.0
2026-01-14,96929.328125,60592490863.0
2026-01-15,95551.1875,53086363027.0
2026-01-16,95525.1171875,33248170537.0
2026-01-17,95099.921875,16021715122.0
2026-01-18,93634.4296875,20809781232.0
2026-01-19,92553.59375,39195241508.0
2026-01-20,88310.90625,53072968031.0
2026-01-21,89376.9609375,56330422434.0
2026-01-22,89462.453125,35549685694.0
2026-01-23,89503.875,38997586037.0
2026-01-24,89110.734375,14558687712.0
2026-01-25,86572.21875,36124986722.0
2026-01-26,88267.140625,45329286974.0
2026-01-27,89102.5703125,38744942267.0
2026-01-28,89184.5703125,39807419296.0
2026-01-29,84561.5859375,64653083162.0
2026-01-30,84128.65625,72083816087.0
2026-01-31,78621.1171875,70479259159.0
2026-02-01,76974.4453125,53372509744.0
2026-02-02,78688.765625,75140589684.0
2026-02-03,75633.546875,68249110822.0
2026-02-04,73019.703125,67215363944.0
2026-02-05,62702.09765625,125509410908.0
2026-02-06,70555.390625,114674259489.0
2026-02-07,69281.96875,62347107663.0
2026-02-08,70264.7265625,39721722619.0
2026-02-09,70120.78125,52081598792.0
2026-02-10,68793.9609375,40593063077.0
2026-02-11,66991.96875,49671946030.0
2026-02-12,66221.84375,44651071271.0
2026-02-13,68857.84375,40820775886.0
2026-02-14,69767.625,36012397645.0
2026-02-15,68788.1875,40191152750.0
2026-02-16,68843.15625,33618145426.0
2026-02-17,67494.21875,34866936040.0
2026-02-18,66425.3203125,33094301643.0
2026-02-19,66957.5234375,31492987019.0
2026-02-20,68005.421875,47507867304.0
2026-02-21,68003.765625,18357635642.0
2026-02-22,67659.390625,17893536012.0
2026-02-23,64616.73828125,50953457309.0
2026-02-24,64080.04296875,40849331086.0
2026-02-25,67960.125,53629234355.0
2026-02-26,67453.7734375,42988597523.0
2026-02-27,65881.796875,40283655942.0
2026-02-28,66995.859375,42041497112.0
2026-03-01,65738.1015625,40733141929.0
2026-03-02,68775.8515625,56698092052.0
2026-03-03,68293.6484375,47947999049.0
2026-03-04,72710.578125,75073101274.0
2026-03-05,70841.125,51172841727.0
2026-03-06,68136.4921875,43776962871.0
2026-03-07,67272.59375,23258701211.0
2026-03-08,65969.78125,33195080116.0
2026-03-09,68402.3828125,49499875378.0
2026-03-10,69926.921875,54003996096.0
2026-03-11,70204.8828125,45236859848.0
2026-03-12,70493.4609375,40871848129.0
2026-03-13,70968.265625,61167226505.0
2026-03-14,71214.625,22283546496.0
2026-03-15,72789.9140625,27991268669.0
2026-03-16,74861.0859375,55572438409.0
2026-03-17,73922.4765625,49500721728.0
2026-03-18,71245.578125,46229011155.0
2026-03-19,69912.7890625,44631433398.0
2026-03-20,70522.5859375,38299078407.0
2026-03-21,68711.5234375,21109354718.0
2026-03-22,67845.2109375,30108051508.0
2026-03-23,70914.859375,51508669357.0
2026-03-24,70517.859375,40181522399.0
2026-03-25,71309.8828125,35409791747.0
2026-03-26,68791.625,38962070215.0
2026-03-27,66338.375,46483453594.0
2026-03-28,66319.6953125,20924883455.0
2026-03-29,65954.921875,21645889785.0
2026-03-30,66691.4453125,37694994180.0
2026-03-31,68233.3125,42997691338.0
2026-04-01,68078.5546875,36465393617.0
2026-04-02,66888.5703125,39323384518.0
2026-04-03,66931.1015625,22815543346.0
2026-04-04,67290.515625,15878814963.0
2026-04-05,68981.8984375,22972648674.0
2026-04-06,68859.828125,39542143229.0
2026-04-07,71940.703125,44650511480.0
2026-04-08,71123.359375,42444631703.0
2026-04-09,71767.828125,38799581473.0
2026-04-10,72979.046875,37722595732.0
2026-04-11,73054.2734375,23287073965.0
2026-04-12,70753.40625,29882740487.0
2026-04-13,74484.640625,52278211554.0
2026-04-14,74181.609375,53540826530.0
2026-04-15,74805.078125,38090174312.0
2026-04-16,75152.1328125,41312783855.0
2026-04-17,77126.875,54137194839.0
2026-04-18,75726.2109375,26014416776.0
2026-04-19,73856.3515625,30931515195.0
2026-04-20,75872.5234375,39674447916.0
2026-04-21,76352.7734375,36453522626.0
2026-04-22,78203.1015625,48336654537.0
2026-04-23,78268.953125,40354900916.0
2026-04-24,77455.3125,32784213526.0
2026-04-25,77612.015625,16702933134.0
2026-04-26,78657.5390625,21482934750.0
2026-04-27,77366.625,38135631927.0
2026-04-28,76350.671875,32056900880.0
2026-04-29,75776.1328125,41460907886.0
2026-04-30,76304.3203125,29497862305.0
2026-05-01,78179.0,39164328894.0
2026-05-02,78657.25,16761531851.0
2026-05-03,78538.2265625,20544392639.0
2026-05-04,79827.90625,54325085296.0
2026-05-05,80927.0546875,39700107376.0
2026-05-06,81427.53125,41751540000.0
2026-05-07,80009.9921875,36931193154.0
2026-05-08,80186.765625,33789351540.0
2026-05-09,80664.3671875,18102086996.0
2026-05-10,82138.9296875,26965971077.0
2026-05-11,81728.296875,32409774919.0
2026-05-12,80477.4921875,32186688600.0
2026-05-13,79277.1171875,34075428359.0
2026-05-14,81051.25,43731663431.0
2026-05-15,79065.6796875,38183347368.0
2026-05-16,78131.4375,25895799905.0
2026-05-17,77429.3515625,20900166465.0
2026-05-18,76954.171875,41520471808.0
2026-05-19,76750.90625,26031898332.0
2026-05-20,77457.7734375,26668360936.0
2026-05-21,77539.171875,27141485404.0
2026-05-22,75488.2421875,27859040109.0
2026-05-23,76673.3671875,29973220002.0
2026-05-24,76981.125,20572738918.0
2026-05-25,77279.9296875,19808387601.0
2026-05-26,75825.734375,35999475458.0
2026-05-27,74344.703125,33802172927.0
2026-05-28,73536.5546875,40148145327.0
2026-05-29,73372.5234375,34457929250.0
2026-05-30,73754.8359375,19563589191.0
2026-05-31,73579.6875,17445435650.0
2026-06-01,71319.7734375,43378836121.0
2026-06-02,66703.65625,54990073882.0
2026-06-03,64014.3671875,47411556213.0
2026-06-04,63801.57421875,63800151780.0
2026-06-05,60922.66796875,71465606706.0
2026-06-06,60867.4140625,30898464957.0
2026-06-07,63239.51953125,36006496194.0
2026-06-08,63090.58984375,34133252457.0
2026-06-09,61643.78125,40144449754.0
2026-06-10,61449.2890625,27493506779.0
2026-06-11,63561.0546875,29316677897.0
2026-06-12,63543.19921875,26881868307.0
2026-06-13,64421.32421875,16956245530.0
2026-06-14,65710.3984375,21572226975.0
2026-06-15,66289.5,32927321950.0
2026-06-16,65600.640625,25063963967.0
2026-06-17,64418.4453125,31288885189.0
2026-06-18,62896.47265625,30432454936.0
2026-06-19,63540.8359375,22361931660.0
2026-06-20,64239.67578125,17486384117.0
2026-06-21,63237.5390625,15739619591.0
2026-06-22,63952.10546875,26561496819.0
2026-06-23,62668.01953125,29608942370.0
2026-06-24,60995.1328125,42644106535.0
2026-06-25,59721.67578125,40625024718.0
2026-06-26,60016.4296875,41502864671.0
2026-06-27,59940.09765625,15099836554.0
2026-06-28,59532.33984375,16282230874.0
2026-06-29,60138.37890625,30829983083.0
2026-06-30,58558.859375,32747419391.0
2026-07-01,60003.7578125,37904450118.0
2026-07-02,61485.30078125,40109297349.0
2026-07-03,62544.19921875,26131813598.0
2026-07-04,63088.3046875,18608397613.0
2026-07-05,63547.8828125,18267466154.0
2026-07-06,63995.015625,36552222303.0
2026-07-07,63297.39453125,31026493556.0
2026-07-08,62257.57421875,27349235354.0
2026-07-09,63193.1484375,26546256117.0
2026-07-10,64127.140625,27450201269.0
2026-07-11,63802.02734375,13954689047.0
2026-07-12,63758.21875,19043437787.0
2026-07-13,62239.12109375,37650044790.0
2026-07-14,64956.11328125,29841287318.0
2026-07-15,64712.375,27029791676.0
2026-07-16,63789.28125,27232426674.0
2026-07-17,63899.4609375,27280236800.0
2026-07-18,64796.6015625,14162542470.0
2026-07-19,64690.8046875,15000653941.0
2026-07-20,65230.02734375,30988932408.0
2026-07-21,66505.125,29554470321.0
2026-07-22,66100.796875,28142272410.0
2026-07-23,65044.8125,24364433538.0
2026-07-24,64098.49609375,25917559237.0
2026-07-25,64311.8125,13817493398.0
2026-07-26,65340.30078125,14301494281.0
2026-07-27,63724.8984375,26183821002.0
2026-07-28,63871.36328125,24128738898.0
2026-07-29,63908.16796875,28611167472.0
2026-07-30,64725.30859375,26250039650.0
2026-07-31,62813.74609375,30439749629.0
2026-08-01,62763.3203125,13553286543.0
2026-08-02,63482.0,15901776708.0
2026-08-03,63460.8984375,26038889824.0
2026-08-04,64055.953125,23662357784.0
2026-08-05,64597.5,23568584891.0
2026-08-06,64262.11328125,18529402711.0
2026-08-07,64880.19140625,22165720102.0
2026-08-08,64904.6875,12350094271.0
2026-08-09,64844.88671875,13234538380.0
2026-08-10,63910.5859375,22384770392.0
2026-08-11,63551.875,20824820662.0
2026-08-12,63402.43359375,23063864553.0
2026-08-13,63402.171875,18765583756.0
2026-08-14,62975.59375,20280053024.0
2026-08-15,63024.3203125,10033057106.0
2026-08-16,62818.65234375,9078986635.0
2026-08-17,64506.25390625,21555405073.0
2026-08-18,64680.7109375,18728001793.0
2026-08-19,69266.1875,46228098443.0
2026-08-20,73032.7578125,55444322363.0
2026-08-21,78335.1875,74478039014.0
2026-08-22,77083.4140625,42131959963.0
2026-08-23,77755.265625,31158396908.0
2026-08-24,78964.484375,55502180329.0
2026-08-25,78564.9765625,46728068401.0
2026-08-26,79027.421875,29329039002.0
2026-08-27,80257.5390625,34033075972.0
2026-08-28,77830.2890625,39362871737.0
2026-08-29,78245.8125,14053131399.0
2026-08-30,77667.5703125,19314839672.0
2026-08-31,78548.6328125,30608386987.0
2026-09-01,77403.625,30608796575.0
2026-09-02,77004.75414720885,26448440083.557247
2026-09-03,81142.27254272846,39226290737.77185
2026-09-04,79648.8752251388,36245810441.15573
2026-09-05,79781.05895269189,18429368063.84445
2026-09-06,80046.70819196723,18861241664.678524
2026-09-07,78929.34832981802,23939246347.61632
2026-09-08,78548.73323714682,36532564311.32329
2026-09-09,77927.77053945823,34860404247.50425
2026-09-10,76817.93214328661,29852795773.955902
2026-09-11,77128.66953731132,35903250667.27777
2026-09-12,77218.57922842517,15711483093.750526
2026-09-13,76682.56817293397,15579620760.23573
2026-09-14,78539.73849882335,32478188091.137917
2026-09-15,75645.58490916989,39561596792.91902
2026-09-16,75622.80385532479,30569798392.871693
2026-09-17,76353.2776230547,24063278814.275494
2026-09-18,81124.11668162764,44526837878.17969
2026-09-19,81226.58014364234,24233577186.704716
2026-09-20,81197.32632288539,23889450696.689007
2026-09-21,86421.95454677695,60589325104.24097
2026-09-22,86120.19453430604,42873504200.62065
2026-09-23,84550.14189817327,44237076845.62518
2026-09-24,84249.38872205936,38402020671.63676
2026-09-25,84069.47476206647,35926212580.64633
